mapping_type,alz_original_column,mapped_genus,mia_column,used_in_model,notes
exact_match,k__Bacteria|p__Firmicutes|c__Bacilli|o__Lactobacillales|f__Aerococcaceae|g__Abiotrophia,Abiotrophia,Abiotrophia,True,Exact genus match
alz_only_padded_in_miagb,k__Bacteria|p__Firmicutes|c__Erysipelotrichia|o__Erysipelotrichales|f__Erysipelotrichaceae|g__Absicoccus,Absicoccus,,True,Absent in MiaGB; MiaGB value padded with 0
exact_match,k__Bacteria|p__Firmicutes|c__Clostridia|o__Eubacteriales|f__Oscillospiraceae|g__Acetivibrio,Acetivibrio,Acetivibrio,True,Exact genus match
exact_match,k__Bacteria|p__Firmicutes|c__Negativicutes|o__Acidaminococcales|f__Acidaminococcaceae|g__Acidaminococcus,Acidaminococcus,Acidaminococcus,True,Exact genus match
exact_match,k__Bacteria|p__Actinobacteria|c__Actinomycetia|o__Propionibacteriales|f__Propionibacteriaceae|g__Acidipropionibacterium,Acidipropionibacterium,Acidipropionibacterium,True,Exact genus match
alz_only_padded_in_miagb,k__Bacteria|p__Proteobacteria|c__Gammaproteobacteria|o__Moraxellales|f__Moraxellaceae|g__Acinetobacter,Acinetobacter,,True,Absent in MiaGB; MiaGB value padded with 0
exact_match,k__Bacteria|p__Actinobacteria|c__Actinomycetia|o__Actinomycetales|f__Actinomycetaceae|g__Actinobaculum,Actinobaculum,Actinobaculum,True,Exact genus match
exact_match,k__Bacteria|p__Actinobacteria|c__Actinomycetia|o__Actinomycetales|f__Actinomycetaceae|g__Actinomyces,Actinomyces,Actinomyces,True,Exact genus match
exact_match,k__Bacteria|p__Actinobacteria|c__Coriobacteriia|o__Eggerthellales|f__Eggerthellaceae|g__Adlercreutzia,Adlercreutzia,Adlercreutzia,True,Exact genus match
exact_match,k__Bacteria|p__Proteobacteria|c__Gammaproteobacteria|o__Aeromonadales|f__Aeromonadaceae|g__Aeromonas,Aeromonas,Aeromonas,True,Exact genus match
exact_match,k__Bacteria|p__Firmicutes|c__Clostridia|o__Eubacteriales|f__Oscillospiraceae|g__Agathobaculum,Agathobaculum,Agathobaculum,True,Exact genus match
alz_only_padded_in_miagb,k__Bacteria|p__Proteobacteria|c__Gammaproteobacteria|o__Pasteurellales|f__Pasteurellaceae|g__Aggregatibacter,Aggregatibacter,,True,Absent in MiaGB; MiaGB value padded with 0
exact_match,k__Bacteria|p__Verrucomicrobia|c__Verrucomicrobiae|o__Verrucomicrobiales|f__Akkermansiaceae|g__Akkermansia,Akkermansia,Akkermansia,True,Exact genus match
exact_match,k__Bacteria|p__Bacteroidota|c__Bacteroidia|o__Bacteroidales|f__Rikenellaceae|g__Alistipes,Alistipes,Alistipes,True,Exact genus match
exact_match,k__Bacteria|p__Firmicutes|c__Negativicutes|o__Veillonellales|f__Veillonellaceae|g__Allisonella,Allisonella,Allisonella,True,Exact genus match
alz_only_padded_in_miagb,k__Bacteria|p__Firmicutes|c__Erysipelotrichia|o__Erysipelotrichales|f__Erysipelotrichaceae|g__Allobaculum,Allobaculum,,True,Absent in MiaGB; MiaGB value padded with 0
alz_only_padded_in_miagb,k__Bacteria|p__Bacteroidota|c__Bacteroidia|o__Bacteroidales|f__Prevotellaceae|g__Alloprevotella,Alloprevotella,,True,Absent in MiaGB; MiaGB value padded with 0
exact_match,k__Bacteria|p__Actinobacteria|c__Actinomycetia|o__Bifidobacteriales|f__Bifidobacteriaceae|g__Alloscardovia,Alloscardovia,Alloscardovia,True,Exact genus match
alz_only_padded_in_miagb,k__Bacteria|p__Firmicutes|c__Clostridia|o__Eubacteriales|f__Eubacteriales_Family_XIII_Incertae_Sedis|g__Alterileibacterium,Alterileibacterium,,True,Absent in MiaGB; MiaGB value padded with 0
alz_only_padded_in_miagb,k__Bacteria|p__Firmicutes|c__Erysipelotrichia|o__Erysipelotrichales|f__Erysipelotrichaceae|g__Amedibacillus,Amedibacillus,,True,Absent in MiaGB; MiaGB value padded with 0
alz_only_padded_in_miagb,k__Bacteria|p__Firmicutes|c__Erysipelotrichia|o__Erysipelotrichales|f__Erysipelotrichaceae|g__Amedibacterium,Amedibacterium,,True,Absent in MiaGB; MiaGB value padded with 0
alz_only_padded_in_miagb,k__Bacteria|p__Firmicutes|c__Clostridia|o__Eubacteriales|f__Lachnospiraceae|g__Anaerobutyricum,Anaerobutyricum,,True,Absent in MiaGB; MiaGB value padded with 0
exact_match,k__Bacteria|p__Firmicutes|c__Tissierellia|o__Tissierellales|f__Peptoniphilaceae|g__Anaerococcus,Anaerococcus,Anaerococcus,True,Exact genus match
exact_match,k__Bacteria|p__Firmicutes|c__Clostridia|o__Eubacteriales|f__Oscillospiraceae|g__Anaerofilum,Anaerofilum,Anaerofilum,True,Exact genus match
exact_match,k__Bacteria|p__Firmicutes|c__Clostridia|o__Eubacteriales|f__Eubacteriaceae|g__Anaerofustis,Anaerofustis,Anaerofustis,True,Exact genus match
exact_match,k__Bacteria|p__Firmicutes|c__Clostridia|o__Eubacteriales|f__Oscillospiraceae|g__Anaeromassilibacillus,Anaeromassilibacillus,Anaeromassilibacillus,True,Exact genus match
alz_only_padded_in_miagb,k__Bacteria|p__Firmicutes|c__Clostridia|o__Eubacteriales|f__Lachnospiraceae|g__Anaerosacchariphilus,Anaerosacchariphilus,,True,Absent in MiaGB; MiaGB value padded with 0
alz_only_padded_in_miagb,k__Bacteria|p__Firmicutes|c__Clostridia|o__Eubacteriales|f__Lachnospiraceae|g__Anaerosporobacter,Anaerosporobacter,,True,Absent in MiaGB; MiaGB value padded with 0
exact_match,k__Bacteria|p__Firmicutes|c__Clostridia|o__Eubacteriales|f__Lachnospiraceae|g__Anaerostipes,Anaerostipes,Anaerostipes,True,Exact genus match
exact_match,k__Bacteria|p__Firmicutes|c__Clostridia|o__Eubacteriales|f__Lachnospiraceae|g__Anaerotignum,Anaerotignum,Anaerotignum,True,Exact genus match
exact_match,k__Bacteria|p__Firmicutes|c__Clostridia|o__Eubacteriales|f__Oscillospiraceae|g__Anaerotruncus,Anaerotruncus,Anaerotruncus,True,Exact genus match
alz_only_padded_in_miagb,k__Bacteria|p__Firmicutes|c__Negativicutes|o__Selenomonadales|f__Selenomonadaceae|g__Anaerovibrio,Anaerovibrio,,True,Absent in MiaGB; MiaGB value padded with 0
alz_only_padded_in_miagb,k__Bacteria|p__Firmicutes|c__Clostridia|o__Eubacteriales|f__Eubacteriales_Family_XIII_Incertae_Sedis|g__Anaerovorax,Anaerovorax,,True,Absent in MiaGB; MiaGB value padded with 0
alz_only_padded_in_miagb,k__Bacteria|p__Firmicutes|c__Clostridia|o__Eubacteriales|f__Oscillospiraceae|g__Angelakisella,Angelakisella,,True,Absent in MiaGB; MiaGB value padded with 0
alz_only_padded_in_miagb,k__Bacteria|p__Firmicutes|c__Clostridia|o__Eubacteriales|f__Eubacteriales_Family_XIII_Incertae_Sedis|g__Bacilliculturomica,Bacilliculturomica,,True,Absent in MiaGB; MiaGB value padded with 0
alz_only_padded_in_miagb,k__Bacteria|p__Bacteria_unclassified|c__Bacteria_unclassified|o__Bacteria_unclassified|f__Bacteria_unclassified|g__Bacteria_unclassified,Bacteria_unclassified,,True,Absent in MiaGB; MiaGB value padded with 0
alz_only_padded_in_miagb,k__Bacteria|p__Bacteroidota|c__Bacteroidia|o__Bacteroidales|f__Bacteroidales_unclassified|g__Bacteroidales_unclassified,Bacteroidales_unclassified,,True,Absent in MiaGB; MiaGB value padded with 0
exact_match,k__Bacteria|p__Bacteroidota|c__Bacteroidia|o__Bacteroidales|f__Bacteroidaceae|g__Bacteroides,Bacteroides,Bacteroides,True,Exact genus match
alz_only_padded_in_miagb,k__Bacteria|p__Firmicutes|c__Clostridia|o__Eubacteriales|f__Eubacteriales_Family_XIII_Incertae_Sedis|g__Baileyella,Baileyella,,True,Absent in MiaGB; MiaGB value padded with 0
alz_only_padded_in_miagb,k__Bacteria|p__Firmicutes|c__Clostridia|o__Eubacteriales|f__Lachnospiraceae|g__Bariatricus,Bariatricus,,True,Absent in MiaGB; MiaGB value padded with 0
exact_match,k__Bacteria|p__Bacteroidota|c__Bacteroidia|o__Bacteroidales|f__Barnesiellaceae|g__Barnesiella,Barnesiella,Barnesiella,True,Exact genus match
alz_only_padded_in_miagb,k__Bacteria|p__Firmicutes|c__Clostridia|o__Eubacteriales|f__Bianqueaceae|g__Bianquea,Bianquea,,True,Absent in MiaGB; MiaGB value padded with 0
exact_match,k__Bacteria|p__Actinobacteria|c__Actinomycetia|o__Bifidobacteriales|f__Bifidobacteriaceae|g__Bifidobacterium,Bifidobacterium,Bifidobacterium,True,Exact genus match
exact_match,k__Bacteria|p__Proteobacteria|c__Deltaproteobacteria|o__Desulfovibrionales|f__Desulfovibrionaceae|g__Bilophila,Bilophila,Bilophila,True,Exact genus match
alz_only_padded_in_miagb,k__Bacteria|p__Firmicutes|c__Clostridia|o__Eubacteriales|f__Oscillospiraceae|g__Bittarella,Bittarella,,True,Absent in MiaGB; MiaGB value padded with 0
alz_only_padded_in_miagb,k__Eukaryota|p__Eukaryota_unclassified|c__Bigyra|o__Opalinata|f__Blastocystidae|g__Blastocystis,Blastocystis,,True,Absent in MiaGB; MiaGB value padded with 0
exact_match,k__Bacteria|p__Firmicutes|c__Clostridia|o__Eubacteriales|f__Lachnospiraceae|g__Blautia,Blautia,Blautia,True,Exact genus match
exact_match,k__Bacteria|p__Spirochaetes|c__Spirochaetia|o__Brachyspirales|f__Brachyspiraceae|g__Brachyspira,Brachyspira,Brachyspira,True,Exact genus match
exact_match,k__Bacteria|p__Proteobacteria|c__Alphaproteobacteria|o__Hyphomicrobiales|f__Nitrobacteraceae|g__Bradyrhizobium,Bradyrhizobium,Bradyrhizobium,True,Exact genus match
alz_only_padded_in_miagb,k__Bacteria|p__Firmicutes|c__Bacilli|o__Bacillales|f__Listeriaceae|g__Brochothrix,Brochothrix,,True,Absent in MiaGB; MiaGB value padded with 0
alz_only_padded_in_miagb,k__Bacteria|p__Firmicutes|c__Clostridia|o__Eubacteriales|f__Lachnospiraceae|g__Brotolimicola,Brotolimicola,,True,Absent in MiaGB; MiaGB value padded with 0
alz_only_padded_in_miagb,k__Bacteria|p__Proteobacteria|c__Alphaproteobacteria|o__Hyphomicrobiales|f__Brucellaceae|g__Brucella,Brucella,,True,Absent in MiaGB; MiaGB value padded with 0
alz_only_padded_in_miagb,k__Bacteria|p__Proteobacteria|c__Betaproteobacteria|o__Burkholderiales|f__Burkholderiaceae|g__Burkholderiaceae_unclassified,Burkholderiaceae_unclassified,,True,Absent in MiaGB; MiaGB value padded with 0
exact_match,k__Bacteria|p__Firmicutes|c__Clostridia|o__Eubacteriales|f__Clostridiaceae|g__Butyricicoccus,Butyricicoccus,Butyricicoccus,True,Exact genus match
exact_match,k__Bacteria|p__Bacteroidota|c__Bacteroidia|o__Bacteroidales|f__Odoribacteraceae|g__Butyricimonas,Butyricimonas,Butyricimonas,True,Exact genus match
exact_match,k__Bacteria|p__Firmicutes|c__Clostridia|o__Eubacteriales|f__Lachnospiraceae|g__Butyrivibrio,Butyrivibrio,Butyrivibrio,True,Exact genus match
exact_match,k__Bacteria|p__Proteobacteria|c__Epsilonproteobacteria|o__Campylobacterales|f__Campylobacteraceae|g__Campylobacter,Campylobacter,Campylobacter,True,Exact genus match
alz_only_padded_in_miagb,k__Bacteria|p__Firmicutes|c__Clostridia|o__Candidatus_Borkfalkiales|f__Candidatus_Borkfalkiaceae|g__Candidatus_Borkfalkia,Candidatus_Borkfalkia,,True,Absent in MiaGB; MiaGB value padded with 0
alz_only_padded_in_miagb,k__Bacteria|p__Bacillota|c__Clostridia|o__Eubacteriales|f__Eubacteriales_incertae_sedis|g__Candidatus_Cibionibacter,Candidatus_Cibionibacter,,True,Absent in MiaGB; MiaGB value padded with 0
exact_match,k__Bacteria|p__Candidatus_Melainabacteria|c__Candidatus_Melainabacteria_unclassified|o__Candidatus_Gastranaerophilales|f__Candidatus_Gastranaerophilales_unclassified|g__Candidatus_Gastranaerophilales_unclassified,Candidatus_Gastranaerophilales_unclassified,Candidatus_Gastranaerophilales_unclassified,True,Exact genus match
alz_only_padded_in_miagb,k__Archaea|p__Candidatus_Thermoplasmatota|c__Thermoplasmata|o__Methanomassiliicoccales|f__Candidatus_Methanomethylophilaceae|g__Candidatus_Methanomethylophilus,Candidatus_Methanomethylophilus,,True,Absent in MiaGB; MiaGB value padded with 0
alz_only_padded_in_miagb,k__Bacteria|p__Candidatus_Saccharibacteria|c__Candidatus_Saccharimonadia|o__Candidatus_Nanosynbacterales|f__Candidatus_Nanosynbacteraceae|g__Candidatus_Nanosynbacter,Candidatus_Nanosynbacter,,True,Absent in MiaGB; MiaGB value padded with 0
alz_only_padded_in_miagb,k__Bacteria|p__Candidatus_Saccharibacteria|c__Candidatus_Saccharimonadia|o__Candidatus_Saccharimonadales|f__Candidatus_Saccharimonadaceae|g__Candidatus_Nanosynsacchari,Candidatus_Nanosynsacchari,,True,Absent in MiaGB; MiaGB value padded with 0
exact_match,k__Bacteria|p__Candidatus_Saccharibacteria|c__Candidatus_Saccharibacteria_unclassified|o__Candidatus_Saccharibacteria_unclassified|f__Candidatus_Saccharibacteria_unclassified|g__Candidatus_Saccharibacteria_unclassified,Candidatus_Saccharibacteria_unclassified,Candidatus_Saccharibacteria_unclassified,True,Exact genus match
alz_only_padded_in_miagb,k__Bacteria|p__Firmicutes|c__Clostridia|o__Eubacteriales|f__Eubacteriales_unclassified|g__Candidatus_Soleaferrea,Candidatus_Soleaferrea,,True,Absent in MiaGB; MiaGB value padded with 0
exact_match,k__Bacteria|p__Firmicutes|c__Erysipelotrichia|o__Erysipelotrichales|f__Erysipelotrichaceae|g__Candidatus_Stoquefichus,Candidatus_Stoquefichus,Candidatus_Stoquefichus,True,Exact genus match
exact_match,k__Bacteria|p__Bacteroidota|c__Flavobacteriia|o__Flavobacteriales|f__Flavobacteriaceae|g__Capnocytophaga,Capnocytophaga,Capnocytophaga,True,Exact genus match
exact_match,k__Bacteria|p__Firmicutes|c__Bacilli|o__Lactobacillales|f__Carnobacteriaceae|g__Carnobacterium,Carnobacterium,Carnobacterium,True,Exact genus match
alz_only_padded_in_miagb,k__Bacteria|p__Firmicutes|c__Clostridia|o__Eubacteriales|f__Lachnospiraceae|g__Catenibacillus,Catenibacillus,,True,Absent in MiaGB; MiaGB value padded with 0
exact_match,k__Bacteria|p__Firmicutes|c__Erysipelotrichia|o__Erysipelotrichales|f__Coprobacillaceae|g__Catenibacterium,Catenibacterium,Catenibacterium,True,Exact genus match
alz_only_padded_in_miagb,k__Bacteria|p__Actinobacteria|c__Actinomycetia|o__Micrococcales|f__Promicromonosporaceae|g__Cellulosimicrobium,Cellulosimicrobium,,True,Absent in MiaGB; MiaGB value padded with 0
exact_match,k__Bacteria|p__Firmicutes|c__Clostridia|o__Eubacteriales|f__Christensenellaceae|g__Christensenella,Christensenella,Christensenella,True,Exact genus match
alz_only_padded_in_miagb,k__Bacteria|p__Firmicutes|c__Clostridia|o__Eubacteriales|f__Christensenellaceae|g__Christensenellaceae_unclassified,Christensenellaceae_unclassified,,True,Absent in MiaGB; MiaGB value padded with 0
exact_match,k__Bacteria|p__Proteobacteria|c__Gammaproteobacteria|o__Enterobacterales|f__Enterobacteriaceae|g__Citrobacter,Citrobacter,Citrobacter,True,Exact genus match
exact_match,k__Bacteria|p__Synergistetes|c__Synergistia|o__Synergistales|f__Synergistaceae|g__Cloacibacillus,Cloacibacillus,Cloacibacillus,True,Exact genus match
alz_only_padded_in_miagb,k__Bacteria|p__Firmicutes|c__Clostridia|o__Clostridia_unclassified|f__Clostridia_unclassified|g__Clostridia_unclassified,Clostridia_unclassified,,True,Absent in MiaGB; MiaGB value padded with 0
alz_only_padded_in_miagb,k__Bacteria|p__Firmicutes|c__Clostridia|o__Eubacteriales|f__Clostridiaceae|g__Clostridiaceae_unclassified,Clostridiaceae_unclassified,,True,Absent in MiaGB; MiaGB value padded with 0
alz_only_padded_in_miagb,k__Bacteria|p__Firmicutes|c__Clostridia|o__Eubacteriales|f__Peptostreptococcaceae|g__Clostridioides,Clostridioides,,True,Absent in MiaGB; MiaGB value padded with 0
exact_match,k__Bacteria|p__Firmicutes|c__Clostridia|o__Eubacteriales|f__Clostridiaceae|g__Clostridium,Clostridium,Clostridium,True,Exact genus match
alz_only_padded_in_miagb,k__Bacteria|p__Firmicutes|c__Clostridia|o__Eubacteriales|f__Eubacteriales_unclassified|g__Colidextribacter,Colidextribacter,,True,Absent in MiaGB; MiaGB value padded with 0
exact_match,k__Bacteria|p__Actinobacteria|c__Coriobacteriia|o__Coriobacteriales|f__Coriobacteriaceae|g__Collinsella,Collinsella,Collinsella,True,Exact genus match
exact_match,k__Bacteria|p__Proteobacteria|c__Betaproteobacteria|o__Burkholderiales|f__Comamonadaceae|g__Comamonas,Comamonas,Comamonas,True,Exact genus match
alz_only_padded_in_miagb,k__Bacteria|p__Firmicutes|c__Bacilli|o__Lactobacillales|f__Lactobacillaceae|g__Companilactobacillus,Companilactobacillus,,True,Absent in MiaGB; MiaGB value padded with 0
alz_only_padded_in_miagb,k__Bacteria|p__Firmicutes|c__Clostridia|o__Eubacteriales|f__Oscillospiraceae|g__Congzhengia,Congzhengia,,True,Absent in MiaGB; MiaGB value padded with 0
exact_match,k__Bacteria|p__Firmicutes|c__Erysipelotrichia|o__Erysipelotrichales|f__Coprobacillaceae|g__Coprobacillus,Coprobacillus,Coprobacillus,True,Exact genus match
exact_match,k__Bacteria|p__Bacteroidota|c__Bacteroidia|o__Bacteroidales|f__Barnesiellaceae|g__Coprobacter,Coprobacter,Coprobacter,True,Exact genus match
exact_match,k__Bacteria|p__Firmicutes|c__Clostridia|o__Eubacteriales|f__Lachnospiraceae|g__Coprococcus,Coprococcus,Coprococcus,True,Exact genus match
exact_match,k__Bacteria|p__Actinobacteria|c__Actinomycetia|o__Corynebacteriales|f__Corynebacteriaceae|g__Corynebacterium,Corynebacterium,Corynebacterium,True,Exact genus match
alz_only_padded_in_miagb,k__Bacteria|p__Bacteroidota|c__Bacteroidia|o__Bacteroidales|f__Odoribacteraceae|g__Culturomica,Culturomica,,True,Absent in MiaGB; MiaGB value padded with 0
alz_only_padded_in_miagb,k__Bacteria|p__Firmicutes|c__Clostridia|o__Eubacteriales|f__Lachnospiraceae|g__Cuneatibacter,Cuneatibacter,,True,Absent in MiaGB; MiaGB value padded with 0
alz_only_padded_in_miagb,k__Bacteria|p__Proteobacteria|c__Betaproteobacteria|o__Burkholderiales|f__Burkholderiaceae|g__Cupriavidus,Cupriavidus,,True,Absent in MiaGB; MiaGB value padded with 0
alz_only_padded_in_miagb,k__Bacteria|p__Proteobacteria|c__Betaproteobacteria|o__Burkholderiales|f__Sutterellaceae|g__Dakarella,Dakarella,,True,Absent in MiaGB; MiaGB value padded with 0
alz_only_padded_in_miagb,k__Eukaryota|p__Ascomycota|c__Saccharomycetes|o__Saccharomycetales|f__Debaryomycetaceae|g__Debaryomyces,Debaryomyces,,True,Absent in MiaGB; MiaGB value padded with 0
alz_only_padded_in_miagb,k__Bacteria|p__Firmicutes|c__Bacilli|o__Lactobacillales|f__Lactobacillaceae|g__Dellaglioa,Dellaglioa,,True,Absent in MiaGB; MiaGB value padded with 0
exact_match,k__Bacteria|p__Proteobacteria|c__Deltaproteobacteria|o__Desulfovibrionales|f__Desulfovibrionaceae|g__Desulfovibrio,Desulfovibrio,Desulfovibrio,True,Exact genus match
exact_match,k__Bacteria|p__Firmicutes|c__Negativicutes|o__Veillonellales|f__Veillonellaceae|g__Dialister,Dialister,Dialister,True,Exact genus match
exact_match,k__Bacteria|p__Firmicutes|c__Erysipelotrichia|o__Erysipelotrichales|f__Erysipelotrichaceae|g__Dielma,Dielma,Dielma,True,Exact genus match
alz_only_padded_in_miagb,k__Bacteria|p__Firmicutes|c__Clostridia|o__Eubacteriales|f__Lachnospiraceae|g__Diplocloster,Diplocloster,,True,Absent in MiaGB; MiaGB value padded with 0
exact_match,k__Bacteria|p__Firmicutes|c__Clostridia|o__Eubacteriales|f__Lachnospiraceae|g__Dorea,Dorea,Dorea,True,Exact genus match
alz_only_padded_in_miagb,k__Bacteria|p__Firmicutes|c__Clostridia|o__Eubacteriales|f__Oscillospiraceae|g__Drancourtella,Drancourtella,,True,Absent in MiaGB; MiaGB value padded with 0
alz_only_padded_in_miagb,k__Bacteria|p__Bacteroidota|c__Bacteroidia|o__Bacteroidales|f__Muribaculaceae|g__Duncaniella,Duncaniella,,True,Absent in MiaGB; MiaGB value padded with 0
alz_only_padded_in_miagb,k__Bacteria|p__Proteobacteria|c__Betaproteobacteria|o__Burkholderiales|f__Sutterellaceae|g__Duodenibacillus,Duodenibacillus,,True,Absent in MiaGB; MiaGB value padded with 0
alz_only_padded_in_miagb,k__Bacteria|p__Firmicutes|c__Clostridia|o__Eubacteriales|f__Oscillospiraceae|g__Dysosmobacter,Dysosmobacter,,True,Absent in MiaGB; MiaGB value padded with 0
exact_match,k__Bacteria|p__Actinobacteria|c__Coriobacteriia|o__Eggerthellales|f__Eggerthellaceae|g__Eggerthella,Eggerthella,Eggerthella,True,Exact genus match
alz_only_padded_in_miagb,k__Bacteria|p__Actinobacteria|c__Coriobacteriia|o__Eggerthellales|f__Eggerthellaceae|g__Eggerthellaceae_unclassified,Eggerthellaceae_unclassified,,True,Absent in MiaGB; MiaGB value padded with 0
exact_match,k__Bacteria|p__Firmicutes|c__Clostridia|o__Eubacteriales|f__Lachnospiraceae|g__Eisenbergiella,Eisenbergiella,Eisenbergiella,True,Exact genus match
alz_only_padded_in_miagb,k__Bacteria|p__Actinobacteria|c__Coriobacteriia|o__Eggerthellales|f__Eggerthellaceae|g__Ellagibacter,Ellagibacter,,True,Absent in MiaGB; MiaGB value padded with 0
alz_only_padded_in_miagb,k__Bacteria|p__Firmicutes|c__Clostridia|o__Eubacteriales|f__Eubacteriales_Family_XIII_Incertae_Sedis|g__Emergencia,Emergencia,,True,Absent in MiaGB; MiaGB value padded with 0
exact_match,k__Bacteria|p__Actinobacteria|c__Coriobacteriia|o__Coriobacteriales|f__Coriobacteriaceae|g__Enorma,Enorma,Enorma,True,Exact genus match
exact_match,k__Bacteria|p__Proteobacteria|c__Gammaproteobacteria|o__Enterobacterales|f__Enterobacteriaceae|g__Enterobacter,Enterobacter,Enterobacter,True,Exact genus match
alz_only_padded_in_miagb,k__Bacteria|p__Firmicutes|c__Clostridia|o__Eubacteriales|f__Lachnospiraceae|g__Enterocloster,Enterocloster,,True,Absent in MiaGB; MiaGB value padded with 0
exact_match,k__Bacteria|p__Firmicutes|c__Bacilli|o__Lactobacillales|f__Enterococcaceae|g__Enterococcus,Enterococcus,Enterococcus,True,Exact genus match
exact_match,k__Bacteria|p__Actinobacteria|c__Coriobacteriia|o__Eggerthellales|f__Eggerthellaceae|g__Enteroscipio,Enteroscipio,Enteroscipio,True,Exact genus match
exact_match,k__Bacteria|p__Firmicutes|c__Erysipelotrichia|o__Erysipelotrichales|f__Erysipelotrichaceae|g__Erysipelatoclostridium,Erysipelatoclostridium,Erysipelatoclostridium,True,Exact genus match
exact_match,k__Bacteria|p__Firmicutes|c__Erysipelotrichia|o__Erysipelotrichales|f__Erysipelotrichaceae|g__Erysipelotrichaceae_unclassified,Erysipelotrichaceae_unclassified,Erysipelotrichaceae_unclassified,True,Exact genus match
exact_match,k__Bacteria|p__Proteobacteria|c__Gammaproteobacteria|o__Enterobacterales|f__Enterobacteriaceae|g__Escherichia,Escherichia,Escherichia,True,Exact genus match
exact_match,k__Bacteria|p__Firmicutes|c__Clostridia|o__Eubacteriales|f__Eubacteriaceae|g__Eubacteriaceae_unclassified,Eubacteriaceae_unclassified,Eubacteriaceae_unclassified,True,Exact genus match
alz_only_padded_in_miagb,k__Bacteria|p__Firmicutes|c__Clostridia|o__Eubacteriales|f__Eubacteriales_Family_XIII_Incertae_Sedis|g__Eubacteriales_Family_XIII_Incertae_Sedis_unclassified,Eubacteriales_Family_XIII_Incertae_Sedis_unclassified,,True,Absent in MiaGB; MiaGB value padded with 0
alz_only_padded_in_miagb,k__Bacteria|p__Firmicutes|c__Clostridia|o__Eubacteriales|f__Eubacteriales_unclassified|g__Eubacteriales_unclassified,Eubacteriales_unclassified,,True,Absent in MiaGB; MiaGB value padded with 0
exact_match,k__Bacteria|p__Firmicutes|c__Clostridia|o__Eubacteriales|f__Eubacteriaceae|g__Eubacterium,Eubacterium,Eubacterium,True,Exact genus match
alz_only_padded_in_miagb,k__Bacteria|p__Firmicutes|c__Clostridia|o__Eubacteriales|f__Eubacteriales_unclassified|g__Evtepia,Evtepia,,True,Absent in MiaGB; MiaGB value padded with 0
alz_only_padded_in_miagb,k__Bacteria|p__Firmicutes|c__Clostridia|o__Eubacteriales|f__Lachnospiraceae|g__Extibacter,Extibacter,,True,Absent in MiaGB; MiaGB value padded with 0
alz_only_padded_in_miagb,k__Bacteria|p__Firmicutes|c__Erysipelotrichia|o__Erysipelotrichales|f__Erysipelotrichaceae|g__Faecalibacillus,Faecalibacillus,,True,Absent in MiaGB; MiaGB value padded with 0
exact_match,k__Bacteria|p__Firmicutes|c__Clostridia|o__Eubacteriales|f__Oscillospiraceae|g__Faecalibacterium,Faecalibacterium,Faecalibacterium,True,Exact genus match
exact_match,k__Bacteria|p__Firmicutes|c__Clostridia|o__Eubacteriales|f__Lachnospiraceae|g__Faecalicatena,Faecalicatena,Faecalicatena,True,Exact genus match
exact_match,k__Bacteria|p__Firmicutes|c__Erysipelotrichia|o__Erysipelotrichales|f__Erysipelotrichaceae|g__Faecalicoccus,Faecalicoccus,Faecalicoccus,True,Exact genus match
alz_only_padded_in_miagb,k__Bacteria|p__Firmicutes|c__Clostridia|o__Eubacteriales|f__Lachnospiraceae|g__Faecalimonas,Faecalimonas,,True,Absent in MiaGB; MiaGB value padded with 0
exact_match,k__Bacteria|p__Firmicutes|c__Erysipelotrichia|o__Erysipelotrichales|f__Erysipelotrichaceae|g__Faecalitalea,Faecalitalea,Faecalitalea,True,Exact genus match
alz_only_padded_in_miagb,k__Bacteria|p__Firmicutes|c__Clostridia|o__Eubacteriales|f__Feifaniaceae|g__Feifania,Feifania,,True,Absent in MiaGB; MiaGB value padded with 0
alz_only_padded_in_miagb,k__Bacteria|p__Firmicutes|c__Clostridia|o__Eubacteriales|f__Eubacteriales_unclassified|g__Fenollaria,Fenollaria,,True,Absent in MiaGB; MiaGB value padded with 0
exact_match,k__Bacteria|p__Firmicutes|c__Tissierellia|o__Tissierellales|f__Peptoniphilaceae|g__Finegoldia,Finegoldia,Finegoldia,True,Exact genus match
exact_match,k__Bacteria|p__Firmicutes|c__Firmicutes_unclassified|o__Firmicutes_unclassified|f__Firmicutes_unclassified|g__Firmicutes_unclassified,Firmicutes_unclassified,Firmicutes_unclassified,True,Exact genus match
exact_match,k__Bacteria|p__Firmicutes|c__Clostridia|o__Eubacteriales|f__Oscillospiraceae|g__Flavonifractor,Flavonifractor,Flavonifractor,True,Exact genus match
alz_only_padded_in_miagb,k__Bacteria|p__Firmicutes|c__Clostridia|o__Eubacteriales|f__Oscillospiraceae|g__Fournierella,Fournierella,,True,Absent in MiaGB; MiaGB value padded with 0
alz_only_padded_in_miagb,k__Bacteria|p__Firmicutes|c__Clostridia|o__Eubacteriales|f__Lachnospiraceae|g__Frisingicoccus,Frisingicoccus,,True,Absent in MiaGB; MiaGB value padded with 0
alz_only_padded_in_miagb,k__Bacteria|p__Firmicutes|c__Bacilli|o__Lactobacillales|f__Lactobacillaceae|g__Fructilactobacillus,Fructilactobacillus,,True,Absent in MiaGB; MiaGB value padded with 0
alz_only_padded_in_miagb,k__Bacteria|p__Firmicutes|c__Clostridia|o__Eubacteriales|f__Oscillospiraceae|g__Fumia,Fumia,,True,Absent in MiaGB; MiaGB value padded with 0
exact_match,k__Bacteria|p__Firmicutes|c__Clostridia|o__Eubacteriales|f__Lachnospiraceae|g__Fusicatenibacter,Fusicatenibacter,Fusicatenibacter,True,Exact genus match
exact_match,k__Bacteria|p__Fusobacteria|c__Fusobacteriia|o__Fusobacteriales|f__Fusobacteriaceae|g__Fusobacterium,Fusobacterium,Fusobacterium,True,Exact genus match
alz_only_padded_in_miagb,k__Bacteria|p__Actinobacteria|c__Actinomycetia|o__Bifidobacteriales|f__Bifidobacteriaceae|g__Gardnerella,Gardnerella,,True,Absent in MiaGB; MiaGB value padded with 0
alz_only_padded_in_miagb,k__Bacteria|p__Firmicutes|c__Clostridia|o__Eubacteriales|f__Christensenellaceae|g__Gehongia,Gehongia,,True,Absent in MiaGB; MiaGB value padded with 0
exact_match,k__Bacteria|p__Firmicutes|c__Bacilli|o__Bacillales|f__Bacillales_unclassified|g__Gemella,Gemella,Gemella,True,Exact genus match
exact_match,k__Bacteria|p__Firmicutes|c__Clostridia|o__Eubacteriales|f__Eubacteriales_unclassified|g__Gemmiger,Gemmiger,Gemmiger,True,Exact genus match
alz_only_padded_in_miagb,k__Bacteria|p__Bacteroidota|c__CFGB77217|o__OFGB77217|f__FGB77217|g__GGB1010,GGB1010,,True,Absent in MiaGB; MiaGB value padded with 0
alz_only_padded_in_miagb,k__Bacteria|p__Firmicutes|c__CFGB72|o__OFGB72|f__FGB72|g__GGB105,GGB105,,True,Absent in MiaGB; MiaGB value padded with 0
alz_only_padded_in_miagb,k__Bacteria|p__Bacteroidota|c__CFGB511|o__OFGB511|f__FGB511|g__GGB1066,GGB1066,,True,Absent in MiaGB; MiaGB value padded with 0
alz_only_padded_in_miagb,k__Bacteria|p__Firmicutes|c__CFGB3172|o__OFGB3172|f__FGB3172|g__GGB10692,GGB10692,,True,Absent in MiaGB; MiaGB value padded with 0
alz_only_padded_in_miagb,k__Bacteria|p__Lentisphaerae|c__CFGB10083|o__OFGB10083|f__FGB10083|g__GGB10693,GGB10693,,True,Absent in MiaGB; MiaGB value padded with 0
alz_only_padded_in_miagb,k__Bacteria|p__Lentisphaerae|c__CFGB3176|o__OFGB3176|f__FGB3176|g__GGB10708,GGB10708,,True,Absent in MiaGB; MiaGB value padded with 0
alz_only_padded_in_miagb,k__Bacteria|p__Bacteroidota|c__CFGB529|o__OFGB529|f__FGB529|g__GGB1093,GGB1093,,True,Absent in MiaGB; MiaGB value padded with 0
alz_only_padded_in_miagb,k__Bacteria|p__Bacteroidota|c__CFGB529|o__OFGB529|f__FGB529|g__GGB1096,GGB1096,,True,Absent in MiaGB; MiaGB value padded with 0
alz_only_padded_in_miagb,k__Bacteria|p__Bacteroidota|c__CFGB535|o__OFGB535|f__FGB535|g__GGB1101,GGB1101,,True,Absent in MiaGB; MiaGB value padded with 0
alz_only_padded_in_miagb,k__Bacteria|p__Bacteroidota|c__CFGB536|o__OFGB536|f__FGB536|g__GGB1102,GGB1102,,True,Absent in MiaGB; MiaGB value padded with 0
alz_only_padded_in_miagb,k__Bacteria|p__Bacteroidota|c__CFGB72567|o__OFGB72567|f__FGB72567|g__GGB1109,GGB1109,,True,Absent in MiaGB; MiaGB value padded with 0
alz_only_padded_in_miagb,k__Bacteria|p__Bacteroidota|c__CFGB540|o__OFGB540|f__FGB540|g__GGB1110,GGB1110,,True,Absent in MiaGB; MiaGB value padded with 0
alz_only_padded_in_miagb,k__Bacteria|p__Bacteroidota|c__Bacteroidia|o__Bacteroidales|f__Bacteroidaceae|g__GGB1116,GGB1116,,True,Absent in MiaGB; MiaGB value padded with 0
alz_only_padded_in_miagb,k__Bacteria|p__Bacteroidota|c__CFGB544|o__OFGB544|f__FGB544|g__GGB1123,GGB1123,,True,Absent in MiaGB; MiaGB value padded with 0
alz_only_padded_in_miagb,k__Bacteria|p__Bacteroidota|c__Bacteroidia|o__Bacteroidales|f__Prevotellaceae|g__GGB1146,GGB1146,,True,Absent in MiaGB; MiaGB value padded with 0
alz_only_padded_in_miagb,k__Bacteria|p__Bacteroidota|c__Bacteroidia|o__Bacteroidales|f__Prevotellaceae|g__GGB1147,GGB1147,,True,Absent in MiaGB; MiaGB value padded with 0
alz_only_padded_in_miagb,k__Bacteria|p__Bacteroidota|c__Bacteroidia|o__Bacteroidales|f__Prevotellaceae|g__GGB1148,GGB1148,,True,Absent in MiaGB; MiaGB value padded with 0
alz_only_padded_in_miagb,k__Bacteria|p__Bacteroidota|c__Bacteroidia|o__Bacteroidales|f__Prevotellaceae|g__GGB1153,GGB1153,,True,Absent in MiaGB; MiaGB value padded with 0
alz_only_padded_in_miagb,k__Bacteria|p__Bacteroidota|c__Bacteroidia|o__Bacteroidales|f__Prevotellaceae|g__GGB1154,GGB1154,,True,Absent in MiaGB; MiaGB value padded with 0
alz_only_padded_in_miagb,k__Bacteria|p__Bacteroidota|c__Bacteroidia|o__Bacteroidales|f__Prevotellaceae|g__GGB1215,GGB1215,,True,Absent in MiaGB; MiaGB value padded with 0
alz_only_padded_in_miagb,k__Bacteria|p__Bacteroidota|c__Bacteroidia|o__Bacteroidales|f__Prevotellaceae|g__GGB1219,GGB1219,,True,Absent in MiaGB; MiaGB value padded with 0
alz_only_padded_in_miagb,k__Bacteria|p__Bacteroidota|c__Bacteroidia|o__Bacteroidales|f__Prevotellaceae|g__GGB1221,GGB1221,,True,Absent in MiaGB; MiaGB value padded with 0
alz_only_padded_in_miagb,k__Bacteria|p__Bacteroidota|c__Bacteroidia|o__Bacteroidales|f__Prevotellaceae|g__GGB1223,GGB1223,,True,Absent in MiaGB; MiaGB value padded with 0
alz_only_padded_in_miagb,k__Bacteria|p__Verrucomicrobia|c__CFGB26673|o__OFGB26673|f__FGB26673|g__GGB12293,GGB12293,,True,Absent in MiaGB; MiaGB value padded with 0
alz_only_padded_in_miagb,k__Bacteria|p__Bacteroidota|c__Bacteroidia|o__Bacteroidales|f__Prevotellaceae|g__GGB1239,GGB1239,,True,Absent in MiaGB; MiaGB value padded with 0
alz_only_padded_in_miagb,k__Bacteria|p__Bacteroidota|c__Bacteroidia|o__Bacteroidales|f__Prevotellaceae|g__GGB1243,GGB1243,,True,Absent in MiaGB; MiaGB value padded with 0
alz_only_padded_in_miagb,k__Bacteria|p__Bacteroidota|c__Bacteroidia|o__Bacteroidales|f__Prevotellaceae|g__GGB1246,GGB1246,,True,Absent in MiaGB; MiaGB value padded with 0
alz_only_padded_in_miagb,k__Bacteria|p__Bacteroidota|c__Bacteroidia|o__Bacteroidales|f__Prevotellaceae|g__GGB1247,GGB1247,,True,Absent in MiaGB; MiaGB value padded with 0
alz_only_padded_in_miagb,k__Bacteria|p__Bacteroidota|c__Bacteroidia|o__Bacteroidales|f__Prevotellaceae|g__GGB1248,GGB1248,,True,Absent in MiaGB; MiaGB value padded with 0
alz_only_padded_in_miagb,k__Bacteria|p__Bacteroidota|c__Bacteroidia|o__Bacteroidales|f__Prevotellaceae|g__GGB1249,GGB1249,,True,Absent in MiaGB; MiaGB value padded with 0
alz_only_padded_in_miagb,k__Bacteria|p__Bacteroidota|c__Bacteroidia|o__Bacteroidales|f__Prevotellaceae|g__GGB1256,GGB1256,,True,Absent in MiaGB; MiaGB value padded with 0
alz_only_padded_in_miagb,k__Bacteria|p__Bacteroidota|c__CFGB1264|o__OFGB1264|f__FGB1264|g__GGB1264,GGB1264,,True,Absent in MiaGB; MiaGB value padded with 0
alz_only_padded_in_miagb,k__Bacteria|p__Bacteroidota|c__CFGB4405|o__OFGB4405|f__FGB4405|g__GGB1266,GGB1266,,True,Absent in MiaGB; MiaGB value padded with 0
alz_only_padded_in_miagb,k__Bacteria|p__Candidatus_Saccharibacteria|c__Candidatus_Nanosyncoccalia|o__Candidatus_Nanogingivales|f__Candidatus_Nanogingivalaceae|g__GGB12785,GGB12785,,True,Absent in MiaGB; MiaGB value padded with 0
alz_only_padded_in_miagb,k__Bacteria|p__Candidatus_Saccharibacteria|c__Candidatus_Nanosyncoccalia|o__Candidatus_Nanogingivales|f__Candidatus_Nanogingivalaceae|g__GGB12786,GGB12786,,True,Absent in MiaGB; MiaGB value padded with 0
alz_only_padded_in_miagb,k__Bacteria|p__Candidatus_Saccharibacteria|c__CFGB4355|o__OFGB4355|f__FGB4355|g__GGB12788,GGB12788,,True,Absent in MiaGB; MiaGB value padded with 0
alz_only_padded_in_miagb,k__Bacteria|p__Bacteroidota|c__Bacteroidia|o__Bacteroidales|f__Prevotellaceae|g__GGB12972,GGB12972,,True,Absent in MiaGB; MiaGB value padded with 0
alz_only_padded_in_miagb,k__Bacteria|p__Bacteroidota|c__Bacteroidia|o__Bacteroidales|f__Prevotellaceae|g__GGB12985,GGB12985,,True,Absent in MiaGB; MiaGB value padded with 0
alz_only_padded_in_miagb,k__Bacteria|p__Bacteroidota|c__Bacteroidia|o__Bacteroidales|f__Muribaculaceae|g__GGB13009,GGB13009,,True,Absent in MiaGB; MiaGB value padded with 0
alz_only_padded_in_miagb,k__Bacteria|p__Bacteroidota|c__CFGB32090|o__OFGB32090|f__FGB32090|g__GGB13020,GGB13020,,True,Absent in MiaGB; MiaGB value padded with 0
alz_only_padded_in_miagb,k__Bacteria|p__Elusimicrobia|c__Elusimicrobia|o__Elusimicrobiales|f__Elusimicrobiaceae|g__GGB13147,GGB13147,,True,Absent in MiaGB; MiaGB value padded with 0
alz_only_padded_in_miagb,k__Bacteria|p__Firmicutes|c__Clostridia|o__Eubacteriales|f__Lachnospiraceae|g__GGB13283,GGB13283,,True,Absent in MiaGB; MiaGB value padded with 0
alz_only_padded_in_miagb,k__Bacteria|p__Bacteroidota|c__Bacteroidia|o__Bacteroidales|f__Odoribacteraceae|g__GGB1331,GGB1331,,True,Absent in MiaGB; MiaGB value padded with 0
alz_only_padded_in_miagb,k__Bacteria|p__Bacteroidota|c__Bacteroidia|o__Bacteroidales|f__Odoribacteraceae|g__GGB1332,GGB1332,,True,Absent in MiaGB; MiaGB value padded with 0
alz_only_padded_in_miagb,k__Bacteria|p__Firmicutes|c__CFGB8331|o__OFGB8331|f__FGB8331|g__GGB13357,GGB13357,,True,Absent in MiaGB; MiaGB value padded with 0
alz_only_padded_in_miagb,k__Bacteria|p__Firmicutes|c__CFGB4599|o__OFGB4599|f__FGB4599|g__GGB13393,GGB13393,,True,Absent in MiaGB; MiaGB value padded with 0
alz_only_padded_in_miagb,k__Bacteria|p__Firmicutes|c__CFGB10021|o__OFGB10021|f__FGB10021|g__GGB13402,GGB13402,,True,Absent in MiaGB; MiaGB value padded with 0
alz_only_padded_in_miagb,k__Bacteria|p__Firmicutes|c__CFGB4605|o__OFGB4605|f__FGB4605|g__GGB13404,GGB13404,,True,Absent in MiaGB; MiaGB value padded with 0
alz_only_padded_in_miagb,k__Bacteria|p__Bacteroidota|c__Bacteroidia|o__Bacteroidales|f__Prevotellaceae|g__GGB1341,GGB1341,,True,Absent in MiaGB; MiaGB value padded with 0
alz_only_padded_in_miagb,k__Bacteria|p__Firmicutes|c__CFGB3026|o__OFGB3026|f__FGB3026|g__GGB13437,GGB13437,,True,Absent in MiaGB; MiaGB value padded with 0
alz_only_padded_in_miagb,k__Bacteria|p__Bacteroidota|c__CFGB593|o__OFGB593|f__FGB593|g__GGB1345,GGB1345,,True,Absent in MiaGB; MiaGB value padded with 0
alz_only_padded_in_miagb,k__Bacteria|p__Firmicutes|c__Clostridia|o__Eubacteriales|f__Oscillospiraceae|g__GGB13463,GGB13463,,True,Absent in MiaGB; MiaGB value padded with 0
alz_only_padded_in_miagb,k__Bacteria|p__Firmicutes|c__CFGB3054|o__OFGB3054|f__FGB3054|g__GGB13472,GGB13472,,True,Absent in MiaGB; MiaGB value padded with 0
alz_only_padded_in_miagb,k__Bacteria|p__Firmicutes|c__Clostridia|o__Eubacteriales|f__Oscillospiraceae|g__GGB13489,GGB13489,,True,Absent in MiaGB; MiaGB value padded with 0
alz_only_padded_in_miagb,k__Bacteria|p__Firmicutes|c__Clostridia|o__Eubacteriales|f__Oscillospiraceae|g__GGB13493,GGB13493,,True,Absent in MiaGB; MiaGB value padded with 0
alz_only_padded_in_miagb,k__Bacteria|p__Firmicutes|c__CFGB13532|o__OFGB13532|f__FGB13532|g__GGB13532,GGB13532,,True,Absent in MiaGB; MiaGB value padded with 0
alz_only_padded_in_miagb,k__Bacteria|p__Bacteroidota|c__Bacteroidia|o__Bacteroidales|f__Bacteroidaceae|g__GGB1355,GGB1355,,True,Absent in MiaGB; MiaGB value padded with 0
alz_only_padded_in_miagb,k__Bacteria|p__Candidatus_Melainabacteria|c__CFGB2107|o__OFGB2107|f__FGB2107|g__GGB13727,GGB13727,,True,Absent in MiaGB; MiaGB value padded with 0
alz_only_padded_in_miagb,k__Bacteria|p__Firmicutes|c__CFGB4737|o__OFGB4737|f__FGB4737|g__GGB13743,GGB13743,,True,Absent in MiaGB; MiaGB value padded with 0
alz_only_padded_in_miagb,k__Bacteria|p__Bacteroidota|c__Bacteroidia|o__Bacteroidales|f__Bacteroidaceae|g__GGB1379,GGB1379,,True,Absent in MiaGB; MiaGB value padded with 0
alz_only_padded_in_miagb,k__Bacteria|p__Bacteroidota|c__Bacteroidia|o__Bacteroidales|f__Bacteroidaceae|g__GGB1380,GGB1380,,True,Absent in MiaGB; MiaGB value padded with 0
alz_only_padded_in_miagb,k__Bacteria|p__Tenericutes|c__CFGB1800|o__OFGB1800|f__FGB1800|g__GGB13818,GGB13818,,True,Absent in MiaGB; MiaGB value padded with 0
alz_only_padded_in_miagb,k__Bacteria|p__Bacteroidota|c__Bacteroidia|o__Bacteroidales|f__Bacteroidaceae|g__GGB1385,GGB1385,,True,Absent in MiaGB; MiaGB value padded with 0
alz_only_padded_in_miagb,k__Bacteria|p__Bacteroidota|c__Bacteroidia|o__Bacteroidales|f__Bacteroidaceae|g__GGB1387,GGB1387,,True,Absent in MiaGB; MiaGB value padded with 0
alz_only_padded_in_miagb,k__Bacteria|p__Bacteroidota|c__Bacteroidia|o__Bacteroidales|f__Muribaculaceae|g__GGB14016,GGB14016,,True,Absent in MiaGB; MiaGB value padded with 0
alz_only_padded_in_miagb,k__Bacteria|p__Bacteroidota|c__Bacteroidia|o__Bacteroidales|f__Tannerellaceae|g__GGB1405,GGB1405,,True,Absent in MiaGB; MiaGB value padded with 0
alz_only_padded_in_miagb,k__Bacteria|p__Bacteroidota|c__CFGB49965|o__OFGB49965|f__FGB49965|g__GGB1418,GGB1418,,True,Absent in MiaGB; MiaGB value padded with 0
alz_only_padded_in_miagb,k__Bacteria|p__Bacteroidota|c__CFGB602|o__OFGB602|f__FGB602|g__GGB1420,GGB1420,,True,Absent in MiaGB; MiaGB value padded with 0
alz_only_padded_in_miagb,k__Bacteria|p__Bacteroidota|c__CFGB602|o__OFGB602|f__FGB602|g__GGB1421,GGB1421,,True,Absent in MiaGB; MiaGB value padded with 0
alz_only_padded_in_miagb,k__Bacteria|p__Bacteroidota|c__Bacteroidia|o__Bacteroidales|f__Barnesiellaceae|g__GGB1425,GGB1425,,True,Absent in MiaGB; MiaGB value padded with 0
alz_only_padded_in_miagb,k__Bacteria|p__Bacteroidota|c__CFGB618|o__OFGB618|f__FGB618|g__GGB1456,GGB1456,,True,Absent in MiaGB; MiaGB value padded with 0
alz_only_padded_in_miagb,k__Bacteria|p__Bacteroidota|c__CFGB1458|o__OFGB1458|f__FGB1458|g__GGB1458,GGB1458,,True,Absent in MiaGB; MiaGB value padded with 0
alz_only_padded_in_miagb,k__Bacteria|p__Bacteroidota|c__CFGB628|o__OFGB628|f__FGB628|g__GGB1492,GGB1492,,True,Absent in MiaGB; MiaGB value padded with 0
alz_only_padded_in_miagb,k__Bacteria|p__Bacteroidota|c__CFGB629|o__OFGB629|f__FGB629|g__GGB1495,GGB1495,,True,Absent in MiaGB; MiaGB value padded with 0
alz_only_padded_in_miagb,k__Bacteria|p__Bacteroidota|c__CFGB629|o__OFGB629|f__FGB629|g__GGB1496,GGB1496,,True,Absent in MiaGB; MiaGB value padded with 0
alz_only_padded_in_miagb,k__Bacteria|p__Bacteroidota|c__Bacteroidia|o__Bacteroidales|f__Muribaculaceae|g__GGB1497,GGB1497,,True,Absent in MiaGB; MiaGB value padded with 0
alz_only_padded_in_miagb,k__Bacteria|p__Bacteroidota|c__Bacteroidia|o__Bacteroidales|f__Muribaculaceae|g__GGB1503,GGB1503,,True,Absent in MiaGB; MiaGB value padded with 0
alz_only_padded_in_miagb,k__Bacteria|p__Bacteroidota|c__Bacteroidia|o__Bacteroidales|f__Muribaculaceae|g__GGB1505,GGB1505,,True,Absent in MiaGB; MiaGB value padded with 0
alz_only_padded_in_miagb,k__Bacteria|p__Bacteroidota|c__CFGB4425|o__OFGB4425|f__FGB4425|g__GGB1511,GGB1511,,True,Absent in MiaGB; MiaGB value padded with 0
alz_only_padded_in_miagb,k__Bacteria|p__Bacteroidota|c__CFGB33839|o__OFGB33839|f__FGB33839|g__GGB1515,GGB1515,,True,Absent in MiaGB; MiaGB value padded with 0
alz_only_padded_in_miagb,k__Bacteria|p__Bacteroidota|c__Bacteroidia|o__Bacteroidales|f__Muribaculaceae|g__GGB1518,GGB1518,,True,Absent in MiaGB; MiaGB value padded with 0
alz_only_padded_in_miagb,k__Bacteria|p__Bacteroidota|c__Bacteroidia|o__Bacteroidales|f__Muribaculaceae|g__GGB1523,GGB1523,,True,Absent in MiaGB; MiaGB value padded with 0
alz_only_padded_in_miagb,k__Bacteria|p__Bacteroidota|c__Bacteroidia|o__Bacteroidales|f__Muribaculaceae|g__GGB1525,GGB1525,,True,Absent in MiaGB; MiaGB value padded with 0
alz_only_padded_in_miagb,k__Bacteria|p__Bacteroidota|c__Bacteroidia|o__Bacteroidales|f__Muribaculaceae|g__GGB1527,GGB1527,,True,Absent in MiaGB; MiaGB value padded with 0
alz_only_padded_in_miagb,k__Bacteria|p__Bacteroidota|c__Bacteroidia|o__Bacteroidales|f__Muribaculaceae|g__GGB1538,GGB1538,,True,Absent in MiaGB; MiaGB value padded with 0
alz_only_padded_in_miagb,k__Bacteria|p__Bacteroidota|c__Bacteroidia|o__Bacteroidales|f__Muribaculaceae|g__GGB1543,GGB1543,,True,Absent in MiaGB; MiaGB value padded with 0
alz_only_padded_in_miagb,k__Bacteria|p__Bacteroidota|c__Bacteroidia|o__Bacteroidales|f__Muribaculaceae|g__GGB1545,GGB1545,,True,Absent in MiaGB; MiaGB value padded with 0
alz_only_padded_in_miagb,k__Bacteria|p__Bacteroidota|c__Bacteroidia|o__Bacteroidales|f__Muribaculaceae|g__GGB1549,GGB1549,,True,Absent in MiaGB; MiaGB value padded with 0
alz_only_padded_in_miagb,k__Bacteria|p__Bacteroidota|c__Bacteroidia|o__Bacteroidales|f__Muribaculaceae|g__GGB1550,GGB1550,,True,Absent in MiaGB; MiaGB value padded with 0
alz_only_padded_in_miagb,k__Bacteria|p__Bacteroidota|c__Bacteroidia|o__Bacteroidales|f__Muribaculaceae|g__GGB1551,GGB1551,,True,Absent in MiaGB; MiaGB value padded with 0
alz_only_padded_in_miagb,k__Bacteria|p__Bacteroidota|c__Bacteroidia|o__Bacteroidales|f__Muribaculaceae|g__GGB1552,GGB1552,,True,Absent in MiaGB; MiaGB value padded with 0
alz_only_padded_in_miagb,k__Bacteria|p__Bacteroidota|c__Bacteroidia|o__Bacteroidales|f__Muribaculaceae|g__GGB1559,GGB1559,,True,Absent in MiaGB; MiaGB value padded with 0
alz_only_padded_in_miagb,k__Bacteria|p__Bacteroidota|c__Bacteroidia|o__Bacteroidales|f__Muribaculaceae|g__GGB1567,GGB1567,,True,Absent in MiaGB; MiaGB value padded with 0
alz_only_padded_in_miagb,k__Bacteria|p__Bacteroidota|c__Bacteroidia|o__Bacteroidales|f__Muribaculaceae|g__GGB1568,GGB1568,,True,Absent in MiaGB; MiaGB value padded with 0
alz_only_padded_in_miagb,k__Bacteria|p__Bacteroidota|c__Bacteroidia|o__Bacteroidales|f__Muribaculaceae|g__GGB1582,GGB1582,,True,Absent in MiaGB; MiaGB value padded with 0
alz_only_padded_in_miagb,k__Bacteria|p__Bacteroidota|c__CFGB653|o__OFGB653|f__FGB653|g__GGB1615,GGB1615,,True,Absent in MiaGB; MiaGB value padded with 0
alz_only_padded_in_miagb,k__Bacteria|p__Bacteroidota|c__CFGB4448|o__OFGB4448|f__FGB4448|g__GGB1617,GGB1617,,True,Absent in MiaGB; MiaGB value padded with 0
alz_only_padded_in_miagb,k__Bacteria|p__Bacteroidota|c__Bacteroidia|o__Bacteroidales|f__Bacteroidales_unclassified|g__GGB1618,GGB1618,,True,Absent in MiaGB; MiaGB value padded with 0
alz_only_padded_in_miagb,k__Bacteria|p__Bacteroidota|c__Bacteroidia|o__Bacteroidales|f__Bacteroidales_unclassified|g__GGB1621,GGB1621,,True,Absent in MiaGB; MiaGB value padded with 0
alz_only_padded_in_miagb,k__Bacteria|p__Bacteroidota|c__CFGB658|o__OFGB658|f__FGB658|g__GGB1627,GGB1627,,True,Absent in MiaGB; MiaGB value padded with 0
alz_only_padded_in_miagb,k__Bacteria|p__Bacteroidota|c__CFGB11479|o__OFGB11479|f__FGB11479|g__GGB1629,GGB1629,,True,Absent in MiaGB; MiaGB value padded with 0
alz_only_padded_in_miagb,k__Bacteria|p__Bacteroidota|c__CFGB11479|o__OFGB11479|f__FGB11479|g__GGB1631,GGB1631,,True,Absent in MiaGB; MiaGB value padded with 0
alz_only_padded_in_miagb,k__Bacteria|p__Bacteroidota|c__CFGB11479|o__OFGB11479|f__FGB11479|g__GGB1632,GGB1632,,True,Absent in MiaGB; MiaGB value padded with 0
alz_only_padded_in_miagb,k__Bacteria|p__Bacteroidota|c__CFGB72486|o__OFGB72486|f__FGB72486|g__GGB1633,GGB1633,,True,Absent in MiaGB; MiaGB value padded with 0
alz_only_padded_in_miagb,k__Bacteria|p__Bacteroidota|c__CFGB667|o__OFGB667|f__FGB667|g__GGB1661,GGB1661,,True,Absent in MiaGB; MiaGB value padded with 0
alz_only_padded_in_miagb,k__Bacteria|p__Bacteroidota|c__CFGB667|o__OFGB667|f__FGB667|g__GGB1662,GGB1662,,True,Absent in MiaGB; MiaGB value padded with 0
alz_only_padded_in_miagb,k__Bacteria|p__Bacteroidota|c__CFGB668|o__OFGB668|f__FGB668|g__GGB1663,GGB1663,,True,Absent in MiaGB; MiaGB value padded with 0
alz_only_padded_in_miagb,k__Bacteria|p__Bacteroidota|c__Bacteroidia|o__Bacteroidales|f__Rikenellaceae|g__GGB1671,GGB1671,,True,Absent in MiaGB; MiaGB value padded with 0
alz_only_padded_in_miagb,k__Bacteria|p__Bacteroidota|c__Bacteroidia|o__Bacteroidales|f__Rikenellaceae|g__GGB1672,GGB1672,,True,Absent in MiaGB; MiaGB value padded with 0
alz_only_padded_in_miagb,k__Bacteria|p__Bacteroidota|c__Bacteroidia|o__Bacteroidales|f__Rikenellaceae|g__GGB1680,GGB1680,,True,Absent in MiaGB; MiaGB value padded with 0
alz_only_padded_in_miagb,k__Bacteria|p__Bacteroidota|c__Bacteroidia|o__Bacteroidales|f__Rikenellaceae|g__GGB1689,GGB1689,,True,Absent in MiaGB; MiaGB value padded with 0
alz_only_padded_in_miagb,k__Bacteria|p__Bacteroidota|c__Bacteroidia|o__Bacteroidales|f__Rikenellaceae|g__GGB1690,GGB1690,,True,Absent in MiaGB; MiaGB value padded with 0
alz_only_padded_in_miagb,k__Bacteria|p__Bacteroidota|c__Bacteroidia|o__Bacteroidales|f__Rikenellaceae|g__GGB1691,GGB1691,,True,Absent in MiaGB; MiaGB value padded with 0
alz_only_padded_in_miagb,k__Bacteria|p__Firmicutes|c__CFGB78335|o__OFGB78335|f__FGB78335|g__GGB18456,GGB18456,,True,Absent in MiaGB; MiaGB value padded with 0
alz_only_padded_in_miagb,k__Bacteria|p__Bacteroidota|c__Bacteroidia|o__Bacteroidales|f__Muribaculaceae|g__GGB18827,GGB18827,,True,Absent in MiaGB; MiaGB value padded with 0
alz_only_padded_in_miagb,k__Bacteria|p__Bacteroidota|c__Bacteroidia|o__Bacteroidales|f__Muribaculaceae|g__GGB24132,GGB24132,,True,Absent in MiaGB; MiaGB value padded with 0
alz_only_padded_in_miagb,k__Bacteria|p__Firmicutes|c__Clostridia|o__Eubacteriales|f__Lachnospiraceae|g__GGB25056,GGB25056,,True,Absent in MiaGB; MiaGB value padded with 0
alz_only_padded_in_miagb,k__Bacteria|p__Actinobacteria|c__Coriobacteriia|o__Coriobacteriales|f__Coriobacteriaceae|g__GGB25442,GGB25442,,True,Absent in MiaGB; MiaGB value padded with 0
alz_only_padded_in_miagb,k__Bacteria|p__Firmicutes|c__CFGB1011|o__OFGB1011|f__FGB1011|g__GGB2652,GGB2652,,True,Absent in MiaGB; MiaGB value padded with 0
alz_only_padded_in_miagb,k__Bacteria|p__Firmicutes|c__CFGB1011|o__OFGB1011|f__FGB1011|g__GGB2653,GGB2653,,True,Absent in MiaGB; MiaGB value padded with 0
alz_only_padded_in_miagb,k__Bacteria|p__Firmicutes|c__CFGB1012|o__OFGB1012|f__FGB1012|g__GGB2657,GGB2657,,True,Absent in MiaGB; MiaGB value padded with 0
alz_only_padded_in_miagb,k__Bacteria|p__Spirochaetes|c__CFGB8872|o__OFGB8872|f__FGB8872|g__GGB26634,GGB26634,,True,Absent in MiaGB; MiaGB value padded with 0
alz_only_padded_in_miagb,k__Archaea|p__Candidatus_Thermoplasmatota|c__Thermoplasmata|o__Methanomassiliicoccales|f__Candidatus_Methanomethylophilaceae|g__GGB267,GGB267,,True,Absent in MiaGB; MiaGB value padded with 0
alz_only_padded_in_miagb,k__Archaea|p__Candidatus_Thermoplasmatota|c__Thermoplasmata|o__Methanomassiliicoccales|f__Candidatus_Methanomethylophilaceae|g__GGB269,GGB269,,True,Absent in MiaGB; MiaGB value padded with 0
alz_only_padded_in_miagb,k__Bacteria|p__Firmicutes|c__Clostridia|o__Eubacteriales|f__Clostridiaceae|g__GGB27106,GGB27106,,True,Absent in MiaGB; MiaGB value padded with 0
alz_only_padded_in_miagb,k__Bacteria|p__Proteobacteria|c__Gammaproteobacteria|o__Aeromonadales|f__Succinivibrionaceae|g__GGB2732,GGB2732,,True,Absent in MiaGB; MiaGB value padded with 0
alz_only_padded_in_miagb,k__Bacteria|p__Proteobacteria|c__Gammaproteobacteria|o__Aeromonadales|f__Succinivibrionaceae|g__GGB2734,GGB2734,,True,Absent in MiaGB; MiaGB value padded with 0
alz_only_padded_in_miagb,k__Bacteria|p__Firmicutes|c__CFGB77675|o__OFGB77675|f__FGB77675|g__GGB27521,GGB27521,,True,Absent in MiaGB; MiaGB value padded with 0
alz_only_padded_in_miagb,k__Bacteria|p__Bacteroidota|c__Bacteroidia|o__Bacteroidales|f__Muribaculaceae|g__GGB27848,GGB27848,,True,Absent in MiaGB; MiaGB value padded with 0
alz_only_padded_in_miagb,k__Bacteria|p__Bacteroidota|c__Bacteroidia|o__Bacteroidales|f__Muribaculaceae|g__GGB27885,GGB27885,,True,Absent in MiaGB; MiaGB value padded with 0
alz_only_padded_in_miagb,k__Bacteria|p__Bacteroidota|c__Bacteroidia|o__Bacteroidales|f__Muribaculaceae|g__GGB27887,GGB27887,,True,Absent in MiaGB; MiaGB value padded with 0
alz_only_padded_in_miagb,k__Bacteria|p__Bacteroidota|c__Bacteroidia|o__Bacteroidales|f__Muribaculaceae|g__GGB27924,GGB27924,,True,Absent in MiaGB; MiaGB value padded with 0
alz_only_padded_in_miagb,k__Bacteria|p__Bacteroidota|c__CFGB9395|o__OFGB9395|f__FGB9395|g__GGB27930,GGB27930,,True,Absent in MiaGB; MiaGB value padded with 0
alz_only_padded_in_miagb,k__Bacteria|p__Proteobacteria|c__Deltaproteobacteria|o__Desulfovibrionales|f__Desulfovibrionaceae|g__GGB28319,GGB28319,,True,Absent in MiaGB; MiaGB value padded with 0
alz_only_padded_in_miagb,k__Bacteria|p__Firmicutes|c__CFGB28369|o__OFGB28369|f__FGB28369|g__GGB28369,GGB28369,,True,Absent in MiaGB; MiaGB value padded with 0
alz_only_padded_in_miagb,k__Bacteria|p__Firmicutes|c__CFGB9536|o__OFGB9536|f__FGB9536|g__GGB28474,GGB28474,,True,Absent in MiaGB; MiaGB value padded with 0
alz_only_padded_in_miagb,k__Bacteria|p__Firmicutes|c__CFGB1126|o__OFGB1126|f__FGB1126|g__GGB2848,GGB2848,,True,Absent in MiaGB; MiaGB value padded with 0
alz_only_padded_in_miagb,k__Bacteria|p__Firmicutes|c__Clostridia|o__Eubacteriales|f__Lachnospiraceae|g__GGB28640,GGB28640,,True,Absent in MiaGB; MiaGB value padded with 0
alz_only_padded_in_miagb,k__Bacteria|p__Firmicutes|c__CFGB1260|o__OFGB1260|f__FGB1260|g__GGB29535,GGB29535,,True,Absent in MiaGB; MiaGB value padded with 0
alz_only_padded_in_miagb,k__Bacteria|p__Firmicutes|c__CFGB1201|o__OFGB1201|f__FGB1201|g__GGB2958,GGB2958,,True,Absent in MiaGB; MiaGB value padded with 0
alz_only_padded_in_miagb,k__Bacteria|p__Firmicutes|c__CFGB1211|o__OFGB1211|f__FGB1211|g__GGB2970,GGB2970,,True,Absent in MiaGB; MiaGB value padded with 0
alz_only_padded_in_miagb,k__Bacteria|p__Firmicutes|c__CFGB5569|o__OFGB5569|f__FGB5569|g__GGB2972,GGB2972,,True,Absent in MiaGB; MiaGB value padded with 0
alz_only_padded_in_miagb,k__Bacteria|p__Firmicutes|c__Clostridia|o__Eubacteriales|f__Eubacteriales_Family_XIII_Incertae_Sedis|g__GGB2977,GGB2977,,True,Absent in MiaGB; MiaGB value padded with 0
alz_only_padded_in_miagb,k__Bacteria|p__Firmicutes|c__Clostridia|o__Eubacteriales|f__Eubacteriales_Family_XIII_Incertae_Sedis|g__GGB2980,GGB2980,,True,Absent in MiaGB; MiaGB value padded with 0
alz_only_padded_in_miagb,k__Bacteria|p__Firmicutes|c__CFGB1217|o__OFGB1217|f__FGB1217|g__GGB2982,GGB2982,,True,Absent in MiaGB; MiaGB value padded with 0
alz_only_padded_in_miagb,k__Bacteria|p__Firmicutes|c__CFGB4559|o__OFGB4559|f__FGB4559|g__GGB2983,GGB2983,,True,Absent in MiaGB; MiaGB value padded with 0
alz_only_padded_in_miagb,k__Bacteria|p__Firmicutes|c__Clostridia|o__Eubacteriales|f__Eubacteriales_Family_XIII_Incertae_Sedis|g__GGB2987,GGB2987,,True,Absent in MiaGB; MiaGB value padded with 0
alz_only_padded_in_miagb,k__Bacteria|p__Firmicutes|c__CFGB1226|o__OFGB1226|f__FGB1226|g__GGB2996,GGB2996,,True,Absent in MiaGB; MiaGB value padded with 0
alz_only_padded_in_miagb,k__Bacteria|p__Firmicutes|c__CFGB1226|o__OFGB1226|f__FGB1226|g__GGB2998,GGB2998,,True,Absent in MiaGB; MiaGB value padded with 0
alz_only_padded_in_miagb,k__Bacteria|p__Firmicutes|c__CFGB1227|o__OFGB1227|f__FGB1227|g__GGB2999,GGB2999,,True,Absent in MiaGB; MiaGB value padded with 0
alz_only_padded_in_miagb,k__Bacteria|p__Firmicutes|c__CFGB1227|o__OFGB1227|f__FGB1227|g__GGB3000,GGB3000,,True,Absent in MiaGB; MiaGB value padded with 0
alz_only_padded_in_miagb,k__Bacteria|p__Firmicutes|c__CFGB1227|o__OFGB1227|f__FGB1227|g__GGB3001,GGB3001,,True,Absent in MiaGB; MiaGB value padded with 0
alz_only_padded_in_miagb,k__Bacteria|p__Firmicutes|c__CFGB1227|o__OFGB1227|f__FGB1227|g__GGB3002,GGB3002,,True,Absent in MiaGB; MiaGB value padded with 0
alz_only_padded_in_miagb,k__Bacteria|p__Firmicutes|c__CFGB1227|o__OFGB1227|f__FGB1227|g__GGB3003,GGB3003,,True,Absent in MiaGB; MiaGB value padded with 0
alz_only_padded_in_miagb,k__Bacteria|p__Firmicutes|c__CFGB1227|o__OFGB1227|f__FGB1227|g__GGB3004,GGB3004,,True,Absent in MiaGB; MiaGB value padded with 0
alz_only_padded_in_miagb,k__Bacteria|p__Actinobacteria|c__Coriobacteriia|o__Eggerthellales|f__Eggerthellaceae|g__GGB30045,GGB30045,,True,Absent in MiaGB; MiaGB value padded with 0
alz_only_padded_in_miagb,k__Bacteria|p__Firmicutes|c__CFGB1227|o__OFGB1227|f__FGB1227|g__GGB3005,GGB3005,,True,Absent in MiaGB; MiaGB value padded with 0
alz_only_padded_in_miagb,k__Bacteria|p__Firmicutes|c__CFGB1249|o__OFGB1249|f__FGB1249|g__GGB3032,GGB3032,,True,Absent in MiaGB; MiaGB value padded with 0
alz_only_padded_in_miagb,k__Bacteria|p__Firmicutes|c__CFGB1249|o__OFGB1249|f__FGB1249|g__GGB3033,GGB3033,,True,Absent in MiaGB; MiaGB value padded with 0
alz_only_padded_in_miagb,k__Bacteria|p__Firmicutes|c__CFGB1249|o__OFGB1249|f__FGB1249|g__GGB3034,GGB3034,,True,Absent in MiaGB; MiaGB value padded with 0
alz_only_padded_in_miagb,k__Bacteria|p__Firmicutes|c__CFGB1258|o__OFGB1258|f__FGB1258|g__GGB3051,GGB3051,,True,Absent in MiaGB; MiaGB value padded with 0
alz_only_padded_in_miagb,k__Bacteria|p__Firmicutes|c__CFGB1258|o__OFGB1258|f__FGB1258|g__GGB3052,GGB3052,,True,Absent in MiaGB; MiaGB value padded with 0
alz_only_padded_in_miagb,k__Bacteria|p__Firmicutes|c__CFGB1260|o__OFGB1260|f__FGB1260|g__GGB3057,GGB3057,,True,Absent in MiaGB; MiaGB value padded with 0
alz_only_padded_in_miagb,k__Bacteria|p__Firmicutes|c__CFGB1260|o__OFGB1260|f__FGB1260|g__GGB3058,GGB3058,,True,Absent in MiaGB; MiaGB value padded with 0
alz_only_padded_in_miagb,k__Bacteria|p__Firmicutes|c__CFGB1262|o__OFGB1262|f__FGB1262|g__GGB3061,GGB3061,,True,Absent in MiaGB; MiaGB value padded with 0
alz_only_padded_in_miagb,k__Bacteria|p__Proteobacteria|c__CFGB2401|o__OFGB2401|f__FGB2401|g__GGB30719,GGB30719,,True,Absent in MiaGB; MiaGB value padded with 0
alz_only_padded_in_miagb,k__Bacteria|p__Firmicutes|c__Clostridia|o__Eubacteriales|f__Lachnospiraceae|g__GGB3095,GGB3095,,True,Absent in MiaGB; MiaGB value padded with 0
alz_only_padded_in_miagb,k__Bacteria|p__Firmicutes|c__CFGB1285|o__OFGB1285|f__FGB1285|g__GGB3100,GGB3100,,True,Absent in MiaGB; MiaGB value padded with 0
alz_only_padded_in_miagb,k__Bacteria|p__Firmicutes|c__CFGB6280|o__OFGB6280|f__FGB6280|g__GGB3102,GGB3102,,True,Absent in MiaGB; MiaGB value padded with 0
alz_only_padded_in_miagb,k__Bacteria|p__Firmicutes|c__CFGB6280|o__OFGB6280|f__FGB6280|g__GGB3103,GGB3103,,True,Absent in MiaGB; MiaGB value padded with 0
alz_only_padded_in_miagb,k__Bacteria|p__Firmicutes|c__CFGB1288|o__OFGB1288|f__FGB1288|g__GGB3105,GGB3105,,True,Absent in MiaGB; MiaGB value padded with 0
alz_only_padded_in_miagb,k__Bacteria|p__Firmicutes|c__CFGB1292|o__OFGB1292|f__FGB1292|g__GGB3109,GGB3109,,True,Absent in MiaGB; MiaGB value padded with 0
alz_only_padded_in_miagb,k__Bacteria|p__Firmicutes|c__CFGB1293|o__OFGB1293|f__FGB1293|g__GGB3110,GGB3110,,True,Absent in MiaGB; MiaGB value padded with 0
alz_only_padded_in_miagb,k__Bacteria|p__Firmicutes|c__CFGB73076|o__OFGB73076|f__FGB73076|g__GGB3111,GGB3111,,True,Absent in MiaGB; MiaGB value padded with 0
alz_only_padded_in_miagb,k__Bacteria|p__Firmicutes|c__CFGB1298|o__OFGB1298|f__FGB1298|g__GGB3118,GGB3118,,True,Absent in MiaGB; MiaGB value padded with 0
alz_only_padded_in_miagb,k__Bacteria|p__Firmicutes|c__CFGB77243|o__OFGB77243|f__FGB77243|g__GGB3123,GGB3123,,True,Absent in MiaGB; MiaGB value padded with 0
alz_only_padded_in_miagb,k__Bacteria|p__Firmicutes|c__CFGB3009|o__OFGB3009|f__FGB3009|g__GGB31234,GGB31234,,True,Absent in MiaGB; MiaGB value padded with 0
alz_only_padded_in_miagb,k__Bacteria|p__Firmicutes|c__CFGB1303|o__OFGB1303|f__FGB1303|g__GGB3124,GGB3124,,True,Absent in MiaGB; MiaGB value padded with 0
alz_only_padded_in_miagb,k__Bacteria|p__Firmicutes|c__CFGB4616|o__OFGB4616|f__FGB4616|g__GGB3126,GGB3126,,True,Absent in MiaGB; MiaGB value padded with 0
alz_only_padded_in_miagb,k__Bacteria|p__Firmicutes|c__CFGB78317|o__OFGB78317|f__FGB78317|g__GGB3128,GGB3128,,True,Absent in MiaGB; MiaGB value padded with 0
alz_only_padded_in_miagb,k__Bacteria|p__Firmicutes|c__CFGB58145|o__OFGB58145|f__FGB58145|g__GGB3129,GGB3129,,True,Absent in MiaGB; MiaGB value padded with 0
alz_only_padded_in_miagb,k__Bacteria|p__Firmicutes|c__CFGB1311|o__OFGB1311|f__FGB1311|g__GGB3130,GGB3130,,True,Absent in MiaGB; MiaGB value padded with 0
alz_only_padded_in_miagb,k__Bacteria|p__Firmicutes|c__CFGB78342|o__OFGB78342|f__FGB78342|g__GGB3132,GGB3132,,True,Absent in MiaGB; MiaGB value padded with 0
alz_only_padded_in_miagb,k__Bacteria|p__Firmicutes|c__CFGB1311|o__OFGB1311|f__FGB1311|g__GGB3138,GGB3138,,True,Absent in MiaGB; MiaGB value padded with 0
alz_only_padded_in_miagb,k__Bacteria|p__Firmicutes|c__CFGB1311|o__OFGB1311|f__FGB1311|g__GGB3139,GGB3139,,True,Absent in MiaGB; MiaGB value padded with 0
alz_only_padded_in_miagb,k__Bacteria|p__Firmicutes|c__CFGB1311|o__OFGB1311|f__FGB1311|g__GGB3140,GGB3140,,True,Absent in MiaGB; MiaGB value padded with 0
alz_only_padded_in_miagb,k__Bacteria|p__Firmicutes|c__CFGB1311|o__OFGB1311|f__FGB1311|g__GGB3142,GGB3142,,True,Absent in MiaGB; MiaGB value padded with 0
alz_only_padded_in_miagb,k__Bacteria|p__Firmicutes|c__CFGB78291|o__OFGB78291|f__FGB78291|g__GGB3146,GGB3146,,True,Absent in MiaGB; MiaGB value padded with 0
alz_only_padded_in_miagb,k__Bacteria|p__Firmicutes|c__CFGB31455|o__OFGB31455|f__FGB31455|g__GGB31460,GGB31460,,True,Absent in MiaGB; MiaGB value padded with 0
alz_only_padded_in_miagb,k__Bacteria|p__Firmicutes|c__Clostridia|o__Eubacteriales|f__Oscillospiraceae|g__GGB3152,GGB3152,,True,Absent in MiaGB; MiaGB value padded with 0
alz_only_padded_in_miagb,k__Bacteria|p__Firmicutes|c__CFGB1320|o__OFGB1320|f__FGB1320|g__GGB3159,GGB3159,,True,Absent in MiaGB; MiaGB value padded with 0
alz_only_padded_in_miagb,k__Bacteria|p__Firmicutes|c__CFGB1320|o__OFGB1320|f__FGB1320|g__GGB3160,GGB3160,,True,Absent in MiaGB; MiaGB value padded with 0
alz_only_padded_in_miagb,k__Bacteria|p__Firmicutes|c__CFGB1320|o__OFGB1320|f__FGB1320|g__GGB3161,GGB3161,,True,Absent in MiaGB; MiaGB value padded with 0
alz_only_padded_in_miagb,k__Bacteria|p__Firmicutes|c__Clostridia|o__Eubacteriales|f__Oscillospiraceae|g__GGB3167,GGB3167,,True,Absent in MiaGB; MiaGB value padded with 0
alz_only_padded_in_miagb,k__Bacteria|p__Firmicutes|c__Clostridia|o__Eubacteriales|f__Oscillospiraceae|g__GGB3169,GGB3169,,True,Absent in MiaGB; MiaGB value padded with 0
alz_only_padded_in_miagb,k__Bacteria|p__Firmicutes|c__CFGB1325|o__OFGB1325|f__FGB1325|g__GGB3175,GGB3175,,True,Absent in MiaGB; MiaGB value padded with 0
alz_only_padded_in_miagb,k__Bacteria|p__Firmicutes|c__CFGB1325|o__OFGB1325|f__FGB1325|g__GGB3176,GGB3176,,True,Absent in MiaGB; MiaGB value padded with 0
alz_only_padded_in_miagb,k__Bacteria|p__Firmicutes|c__CFGB1765|o__OFGB1765|f__FGB1765|g__GGB31790,GGB31790,,True,Absent in MiaGB; MiaGB value padded with 0
alz_only_padded_in_miagb,k__Bacteria|p__Firmicutes|c__Clostridia|o__Eubacteriales|f__Oscillospiraceae|g__GGB3185,GGB3185,,True,Absent in MiaGB; MiaGB value padded with 0
alz_only_padded_in_miagb,k__Bacteria|p__Firmicutes|c__Clostridia|o__Eubacteriales|f__Oscillospiraceae|g__GGB3189,GGB3189,,True,Absent in MiaGB; MiaGB value padded with 0
alz_only_padded_in_miagb,k__Bacteria|p__Firmicutes|c__Clostridia|o__Eubacteriales|f__Eubacteriaceae|g__GGB32033,GGB32033,,True,Absent in MiaGB; MiaGB value padded with 0
alz_only_padded_in_miagb,k__Bacteria|p__Firmicutes|c__Clostridia|o__Eubacteriales|f__Oscillospiraceae|g__GGB3204,GGB3204,,True,Absent in MiaGB; MiaGB value padded with 0
alz_only_padded_in_miagb,k__Bacteria|p__Firmicutes|c__Clostridia|o__Eubacteriales|f__Oscillospiraceae|g__GGB3213,GGB3213,,True,Absent in MiaGB; MiaGB value padded with 0
alz_only_padded_in_miagb,k__Bacteria|p__Firmicutes|c__Clostridia|o__Eubacteriales|f__Oscillospiraceae|g__GGB3220,GGB3220,,True,Absent in MiaGB; MiaGB value padded with 0
alz_only_padded_in_miagb,k__Bacteria|p__Firmicutes|c__CFGB1333|o__OFGB1333|f__FGB1333|g__GGB3222,GGB3222,,True,Absent in MiaGB; MiaGB value padded with 0
alz_only_padded_in_miagb,k__Bacteria|p__Firmicutes|c__CFGB3237|o__OFGB3237|f__FGB3237|g__GGB3236,GGB3236,,True,Absent in MiaGB; MiaGB value padded with 0
alz_only_padded_in_miagb,k__Bacteria|p__Firmicutes|c__Clostridia|o__Eubacteriales|f__Eubacteriales_Family_XIII_Incertae_Sedis|g__GGB32387,GGB32387,,True,Absent in MiaGB; MiaGB value padded with 0
alz_only_padded_in_miagb,k__Bacteria|p__Firmicutes|c__Clostridia|o__Eubacteriales|f__Oscillospiraceae|g__GGB32451,GGB32451,,True,Absent in MiaGB; MiaGB value padded with 0
alz_only_padded_in_miagb,k__Bacteria|p__Firmicutes|c__CFGB9512|o__OFGB9512|f__FGB9512|g__GGB32487,GGB32487,,True,Absent in MiaGB; MiaGB value padded with 0
alz_only_padded_in_miagb,k__Bacteria|p__Firmicutes|c__CFGB14936|o__OFGB14936|f__FGB14936|g__GGB3256,GGB3256,,True,Absent in MiaGB; MiaGB value padded with 0
alz_only_padded_in_miagb,k__Bacteria|p__Firmicutes|c__Clostridia|o__Eubacteriales|f__Eubacteriaceae|g__GGB3260,GGB3260,,True,Absent in MiaGB; MiaGB value padded with 0
alz_only_padded_in_miagb,k__Bacteria|p__Firmicutes|c__Clostridia|o__Eubacteriales|f__Eubacteriaceae|g__GGB3262,GGB3262,,True,Absent in MiaGB; MiaGB value padded with 0
alz_only_padded_in_miagb,k__Bacteria|p__Firmicutes|c__Clostridia|o__Eubacteriales|f__Eubacteriaceae|g__GGB3267,GGB3267,,True,Absent in MiaGB; MiaGB value padded with 0
alz_only_padded_in_miagb,k__Bacteria|p__Firmicutes|c__Clostridia|o__Eubacteriales|f__Eubacteriaceae|g__GGB3271,GGB3271,,True,Absent in MiaGB; MiaGB value padded with 0
alz_only_padded_in_miagb,k__Bacteria|p__Firmicutes|c__Clostridia|o__Eubacteriales|f__Eubacteriaceae|g__GGB3275,GGB3275,,True,Absent in MiaGB; MiaGB value padded with 0
alz_only_padded_in_miagb,k__Bacteria|p__Firmicutes|c__Clostridia|o__Eubacteriales|f__Eubacteriaceae|g__GGB3276,GGB3276,,True,Absent in MiaGB; MiaGB value padded with 0
alz_only_padded_in_miagb,k__Bacteria|p__Firmicutes|c__Clostridia|o__Eubacteriales|f__Eubacteriaceae|g__GGB3277,GGB3277,,True,Absent in MiaGB; MiaGB value padded with 0
alz_only_padded_in_miagb,k__Bacteria|p__Firmicutes|c__Clostridia|o__Eubacteriales|f__Eubacteriaceae|g__GGB3278,GGB3278,,True,Absent in MiaGB; MiaGB value padded with 0
alz_only_padded_in_miagb,k__Bacteria|p__Firmicutes|c__Clostridia|o__Eubacteriales|f__Eubacteriaceae|g__GGB3280,GGB3280,,True,Absent in MiaGB; MiaGB value padded with 0
alz_only_padded_in_miagb,k__Bacteria|p__Firmicutes|c__Clostridia|o__Eubacteriales|f__Eubacteriaceae|g__GGB3281,GGB3281,,True,Absent in MiaGB; MiaGB value padded with 0
alz_only_padded_in_miagb,k__Bacteria|p__Firmicutes|c__Clostridia|o__Eubacteriales|f__Oscillospiraceae|g__GGB3285,GGB3285,,True,Absent in MiaGB; MiaGB value padded with 0
alz_only_padded_in_miagb,k__Bacteria|p__Firmicutes|c__CFGB1347|o__OFGB1347|f__FGB1347|g__GGB3286,GGB3286,,True,Absent in MiaGB; MiaGB value padded with 0
alz_only_padded_in_miagb,k__Bacteria|p__Firmicutes|c__CFGB1347|o__OFGB1347|f__FGB1347|g__GGB3287,GGB3287,,True,Absent in MiaGB; MiaGB value padded with 0
alz_only_padded_in_miagb,k__Bacteria|p__Firmicutes|c__CFGB1347|o__OFGB1347|f__FGB1347|g__GGB3288,GGB3288,,True,Absent in MiaGB; MiaGB value padded with 0
alz_only_padded_in_miagb,k__Bacteria|p__Firmicutes|c__CFGB1347|o__OFGB1347|f__FGB1347|g__GGB3289,GGB3289,,True,Absent in MiaGB; MiaGB value padded with 0
alz_only_padded_in_miagb,k__Bacteria|p__Firmicutes|c__Clostridia|o__Eubacteriales|f__Oscillospiraceae|g__GGB32900,GGB32900,,True,Absent in MiaGB; MiaGB value padded with 0
alz_only_padded_in_miagb,k__Bacteria|p__Firmicutes|c__CFGB4648|o__OFGB4648|f__FGB4648|g__GGB3303,GGB3303,,True,Absent in MiaGB; MiaGB value padded with 0
alz_only_padded_in_miagb,k__Bacteria|p__Firmicutes|c__CFGB1354|o__OFGB1354|f__FGB1354|g__GGB3304,GGB3304,,True,Absent in MiaGB; MiaGB value padded with 0
alz_only_padded_in_miagb,k__Bacteria|p__Firmicutes|c__CFGB58324|o__OFGB58324|f__FGB58324|g__GGB3305,GGB3305,,True,Absent in MiaGB; MiaGB value padded with 0
alz_only_padded_in_miagb,k__Bacteria|p__Firmicutes|c__CFGB1355|o__OFGB1355|f__FGB1355|g__GGB3306,GGB3306,,True,Absent in MiaGB; MiaGB value padded with 0
alz_only_padded_in_miagb,k__Bacteria|p__Firmicutes|c__CFGB51793|o__OFGB51793|f__FGB51793|g__GGB3317,GGB3317,,True,Absent in MiaGB; MiaGB value padded with 0
alz_only_padded_in_miagb,k__Bacteria|p__Firmicutes|c__CFGB1359|o__OFGB1359|f__FGB1359|g__GGB3321,GGB3321,,True,Absent in MiaGB; MiaGB value padded with 0
alz_only_padded_in_miagb,k__Bacteria|p__Firmicutes|c__CFGB1359|o__OFGB1359|f__FGB1359|g__GGB3323,GGB3323,,True,Absent in MiaGB; MiaGB value padded with 0
alz_only_padded_in_miagb,k__Bacteria|p__Firmicutes|c__CFGB11257|o__OFGB11257|f__FGB11257|g__GGB33247,GGB33247,,True,Absent in MiaGB; MiaGB value padded with 0
alz_only_padded_in_miagb,k__Bacteria|p__Firmicutes|c__CFGB79244|o__OFGB79244|f__FGB79244|g__GGB3325,GGB3325,,True,Absent in MiaGB; MiaGB value padded with 0
alz_only_padded_in_miagb,k__Bacteria|p__Firmicutes|c__CFGB83839|o__OFGB83839|f__FGB83839|g__GGB3328,GGB3328,,True,Absent in MiaGB; MiaGB value padded with 0
alz_only_padded_in_miagb,k__Bacteria|p__Firmicutes|c__CFGB1363|o__OFGB1363|f__FGB1363|g__GGB3329,GGB3329,,True,Absent in MiaGB; MiaGB value padded with 0
alz_only_padded_in_miagb,k__Bacteria|p__Proteobacteria|c__CFGB1061|o__OFGB1061|f__FGB1061|g__GGB33398,GGB33398,,True,Absent in MiaGB; MiaGB value padded with 0
alz_only_padded_in_miagb,k__Bacteria|p__Bacteroidota|c__Bacteroidia|o__Bacteroidales|f__Rikenellaceae|g__GGB33406,GGB33406,,True,Absent in MiaGB; MiaGB value padded with 0
alz_only_padded_in_miagb,k__Bacteria|p__Firmicutes|c__Clostridia|o__Eubacteriales|f__Oscillospiraceae|g__GGB3343,GGB3343,,True,Absent in MiaGB; MiaGB value padded with 0
alz_only_padded_in_miagb,k__Bacteria|p__Firmicutes|c__Clostridia|o__Eubacteriales|f__Oscillospiraceae|g__GGB3344,GGB3344,,True,Absent in MiaGB; MiaGB value padded with 0
alz_only_padded_in_miagb,k__Bacteria|p__Firmicutes|c__Clostridia|o__Eubacteriales|f__Oscillospiraceae|g__GGB3345,GGB3345,,True,Absent in MiaGB; MiaGB value padded with 0
alz_only_padded_in_miagb,k__Bacteria|p__Firmicutes|c__Clostridia|o__Eubacteriales|f__Oscillospiraceae|g__GGB33469,GGB33469,,True,Absent in MiaGB; MiaGB value padded with 0
alz_only_padded_in_miagb,k__Bacteria|p__Firmicutes|c__CFGB1374|o__OFGB1374|f__FGB1374|g__GGB3351,GGB3351,,True,Absent in MiaGB; MiaGB value padded with 0
alz_only_padded_in_miagb,k__Bacteria|p__Firmicutes|c__CFGB3054|o__OFGB3054|f__FGB3054|g__GGB33512,GGB33512,,True,Absent in MiaGB; MiaGB value padded with 0
alz_only_padded_in_miagb,k__Bacteria|p__Firmicutes|c__CFGB2834|o__OFGB2834|f__FGB2834|g__GGB33516,GGB33516,,True,Absent in MiaGB; MiaGB value padded with 0
alz_only_padded_in_miagb,k__Bacteria|p__Firmicutes|c__CFGB1374|o__OFGB1374|f__FGB1374|g__GGB3352,GGB3352,,True,Absent in MiaGB; MiaGB value padded with 0
alz_only_padded_in_miagb,k__Bacteria|p__Firmicutes|c__CFGB1374|o__OFGB1374|f__FGB1374|g__GGB3353,GGB3353,,True,Absent in MiaGB; MiaGB value padded with 0
alz_only_padded_in_miagb,k__Bacteria|p__Firmicutes|c__CFGB78645|o__OFGB78645|f__FGB78645|g__GGB33539,GGB33539,,True,Absent in MiaGB; MiaGB value padded with 0
alz_only_padded_in_miagb,k__Bacteria|p__Firmicutes|c__CFGB3070|o__OFGB3070|f__FGB3070|g__GGB33544,GGB33544,,True,Absent in MiaGB; MiaGB value padded with 0
alz_only_padded_in_miagb,k__Bacteria|p__Firmicutes|c__CFGB3038|o__OFGB3038|f__FGB3038|g__GGB33586,GGB33586,,True,Absent in MiaGB; MiaGB value padded with 0
alz_only_padded_in_miagb,k__Bacteria|p__Firmicutes|c__CFGB3360|o__OFGB3360|f__FGB3360|g__GGB3360,GGB3360,,True,Absent in MiaGB; MiaGB value padded with 0
alz_only_padded_in_miagb,k__Bacteria|p__Firmicutes|c__CFGB1380|o__OFGB1380|f__FGB1380|g__GGB3363,GGB3363,,True,Absent in MiaGB; MiaGB value padded with 0
alz_only_padded_in_miagb,k__Bacteria|p__Firmicutes|c__CFGB1380|o__OFGB1380|f__FGB1380|g__GGB3364,GGB3364,,True,Absent in MiaGB; MiaGB value padded with 0
alz_only_padded_in_miagb,k__Bacteria|p__Firmicutes|c__CFGB1380|o__OFGB1380|f__FGB1380|g__GGB3365,GGB3365,,True,Absent in MiaGB; MiaGB value padded with 0
alz_only_padded_in_miagb,k__Bacteria|p__Firmicutes|c__Clostridia|o__Eubacteriales|f__Lachnospiraceae|g__GGB33657,GGB33657,,True,Absent in MiaGB; MiaGB value padded with 0
alz_only_padded_in_miagb,k__Bacteria|p__Firmicutes|c__CFGB1776|o__OFGB1776|f__FGB1776|g__GGB33665,GGB33665,,True,Absent in MiaGB; MiaGB value padded with 0
alz_only_padded_in_miagb,k__Bacteria|p__Firmicutes|c__CFGB3011|o__OFGB3011|f__FGB3011|g__GGB33896,GGB33896,,True,Absent in MiaGB; MiaGB value padded with 0
alz_only_padded_in_miagb,k__Bacteria|p__Firmicutes|c__CFGB3071|o__OFGB3071|f__FGB3071|g__GGB34197,GGB34197,,True,Absent in MiaGB; MiaGB value padded with 0
alz_only_padded_in_miagb,k__Bacteria|p__Firmicutes|c__Clostridia|o__Eubacteriales|f__Oscillospiraceae|g__GGB34228,GGB34228,,True,Absent in MiaGB; MiaGB value padded with 0
alz_only_padded_in_miagb,k__Bacteria|p__Firmicutes|c__CFGB11739|o__OFGB11739|f__FGB11739|g__GGB34231,GGB34231,,True,Absent in MiaGB; MiaGB value padded with 0
alz_only_padded_in_miagb,k__Bacteria|p__Firmicutes|c__Clostridia|o__Eubacteriales|f__Lachnospiraceae|g__GGB3429,GGB3429,,True,Absent in MiaGB; MiaGB value padded with 0
alz_only_padded_in_miagb,k__Bacteria|p__Firmicutes|c__Clostridia|o__Eubacteriales|f__Lachnospiraceae|g__GGB3433,GGB3433,,True,Absent in MiaGB; MiaGB value padded with 0
alz_only_padded_in_miagb,k__Bacteria|p__Firmicutes|c__Clostridia|o__Eubacteriales|f__Lachnospiraceae|g__GGB3440,GGB3440,,True,Absent in MiaGB; MiaGB value padded with 0
alz_only_padded_in_miagb,k__Bacteria|p__Firmicutes|c__Clostridia|o__Eubacteriales|f__Lachnospiraceae|g__GGB3441,GGB3441,,True,Absent in MiaGB; MiaGB value padded with 0
alz_only_padded_in_miagb,k__Bacteria|p__Firmicutes|c__Clostridia|o__Eubacteriales|f__Lachnospiraceae|g__GGB3444,GGB3444,,True,Absent in MiaGB; MiaGB value padded with 0
alz_only_padded_in_miagb,k__Bacteria|p__Firmicutes|c__Clostridia|o__Eubacteriales|f__Lachnospiraceae|g__GGB3446,GGB3446,,True,Absent in MiaGB; MiaGB value padded with 0
alz_only_padded_in_miagb,k__Bacteria|p__Firmicutes|c__Clostridia|o__Eubacteriales|f__Lachnospiraceae|g__GGB34476,GGB34476,,True,Absent in MiaGB; MiaGB value padded with 0
alz_only_padded_in_miagb,k__Bacteria|p__Firmicutes|c__Clostridia|o__Eubacteriales|f__Lachnospiraceae|g__GGB3449,GGB3449,,True,Absent in MiaGB; MiaGB value padded with 0
alz_only_padded_in_miagb,k__Bacteria|p__Firmicutes|c__Clostridia|o__Eubacteriales|f__Lachnospiraceae|g__GGB3451,GGB3451,,True,Absent in MiaGB; MiaGB value padded with 0
alz_only_padded_in_miagb,k__Bacteria|p__Firmicutes|c__CFGB11916|o__OFGB11916|f__FGB11916|g__GGB34540,GGB34540,,True,Absent in MiaGB; MiaGB value padded with 0
alz_only_padded_in_miagb,k__Bacteria|p__Firmicutes|c__Clostridia|o__Eubacteriales|f__Lachnospiraceae|g__GGB3474,GGB3474,,True,Absent in MiaGB; MiaGB value padded with 0
alz_only_padded_in_miagb,k__Bacteria|p__Firmicutes|c__Clostridia|o__Eubacteriales|f__Lachnospiraceae|g__GGB3475,GGB3475,,True,Absent in MiaGB; MiaGB value padded with 0
alz_only_padded_in_miagb,k__Bacteria|p__Firmicutes|c__Clostridia|o__Eubacteriales|f__Clostridiaceae|g__GGB3478,GGB3478,,True,Absent in MiaGB; MiaGB value padded with 0
alz_only_padded_in_miagb,k__Bacteria|p__Actinobacteria|c__CFGB12107|o__OFGB12107|f__FGB12107|g__GGB34797,GGB34797,,True,Absent in MiaGB; MiaGB value padded with 0
alz_only_padded_in_miagb,k__Bacteria|p__Firmicutes|c__Clostridia|o__Eubacteriales|f__Clostridiaceae|g__GGB3480,GGB3480,,True,Absent in MiaGB; MiaGB value padded with 0
alz_only_padded_in_miagb,k__Bacteria|p__Firmicutes|c__Clostridia|o__Eubacteriales|f__Clostridiaceae|g__GGB3486,GGB3486,,True,Absent in MiaGB; MiaGB value padded with 0
alz_only_padded_in_miagb,k__Bacteria|p__Firmicutes|c__CFGB9583|o__OFGB9583|f__FGB9583|g__GGB3490,GGB3490,,True,Absent in MiaGB; MiaGB value padded with 0
alz_only_padded_in_miagb,k__Bacteria|p__Firmicutes|c__CFGB77202|o__OFGB77202|f__FGB77202|g__GGB34900,GGB34900,,True,Absent in MiaGB; MiaGB value padded with 0
alz_only_padded_in_miagb,k__Bacteria|p__Firmicutes|c__CFGB1425|o__OFGB1425|f__FGB1425|g__GGB3491,GGB3491,,True,Absent in MiaGB; MiaGB value padded with 0
alz_only_padded_in_miagb,k__Bacteria|p__Firmicutes|c__CFGB79266|o__OFGB79266|f__FGB79266|g__GGB3493,GGB3493,,True,Absent in MiaGB; MiaGB value padded with 0
alz_only_padded_in_miagb,k__Bacteria|p__Firmicutes|c__Clostridia|o__Eubacteriales|f__Lachnospiraceae|g__GGB3496,GGB3496,,True,Absent in MiaGB; MiaGB value padded with 0
alz_only_padded_in_miagb,k__Bacteria|p__Firmicutes|c__Clostridia|o__Eubacteriales|f__Lachnospiraceae|g__GGB3497,GGB3497,,True,Absent in MiaGB; MiaGB value padded with 0
alz_only_padded_in_miagb,k__Bacteria|p__Firmicutes|c__Clostridia|o__Eubacteriales|f__Lachnospiraceae|g__GGB3504,GGB3504,,True,Absent in MiaGB; MiaGB value padded with 0
alz_only_padded_in_miagb,k__Bacteria|p__Firmicutes|c__Clostridia|o__Eubacteriales|f__Eubacteriaceae|g__GGB35068,GGB35068,,True,Absent in MiaGB; MiaGB value padded with 0
alz_only_padded_in_miagb,k__Bacteria|p__Firmicutes|c__CFGB79245|o__OFGB79245|f__FGB79245|g__GGB3510,GGB3510,,True,Absent in MiaGB; MiaGB value padded with 0
alz_only_padded_in_miagb,k__Bacteria|p__Firmicutes|c__CFGB28775|o__OFGB28775|f__FGB28775|g__GGB3511,GGB3511,,True,Absent in MiaGB; MiaGB value padded with 0
alz_only_padded_in_miagb,k__Bacteria|p__Firmicutes|c__Clostridia|o__Eubacteriales|f__Lachnospiraceae|g__GGB3516,GGB3516,,True,Absent in MiaGB; MiaGB value padded with 0
alz_only_padded_in_miagb,k__Bacteria|p__Firmicutes|c__Clostridia|o__Eubacteriales|f__Lachnospiraceae|g__GGB3517,GGB3517,,True,Absent in MiaGB; MiaGB value padded with 0
alz_only_padded_in_miagb,k__Bacteria|p__Firmicutes|c__Clostridia|o__Eubacteriales|f__Lachnospiraceae|g__GGB3518,GGB3518,,True,Absent in MiaGB; MiaGB value padded with 0
alz_only_padded_in_miagb,k__Bacteria|p__Firmicutes|c__Clostridia|o__Eubacteriales|f__Lachnospiraceae|g__GGB3519,GGB3519,,True,Absent in MiaGB; MiaGB value padded with 0
alz_only_padded_in_miagb,k__Bacteria|p__Firmicutes|c__Clostridia|o__Eubacteriales|f__Clostridiaceae|g__GGB3528,GGB3528,,True,Absent in MiaGB; MiaGB value padded with 0
alz_only_padded_in_miagb,k__Bacteria|p__Firmicutes|c__Clostridia|o__Eubacteriales|f__Clostridiaceae|g__GGB3532,GGB3532,,True,Absent in MiaGB; MiaGB value padded with 0
alz_only_padded_in_miagb,k__Bacteria|p__Firmicutes|c__Clostridia|o__Eubacteriales|f__Lachnospiraceae|g__GGB3534,GGB3534,,True,Absent in MiaGB; MiaGB value padded with 0
alz_only_padded_in_miagb,k__Bacteria|p__Firmicutes|c__Clostridia|o__Eubacteriales|f__Lachnospiraceae|g__GGB3537,GGB3537,,True,Absent in MiaGB; MiaGB value padded with 0
alz_only_padded_in_miagb,k__Bacteria|p__Firmicutes|c__Clostridia|o__Eubacteriales|f__Lachnospiraceae|g__GGB3538,GGB3538,,True,Absent in MiaGB; MiaGB value padded with 0
alz_only_padded_in_miagb,k__Bacteria|p__Firmicutes|c__Clostridia|o__Eubacteriales|f__Clostridiaceae|g__GGB3548,GGB3548,,True,Absent in MiaGB; MiaGB value padded with 0
alz_only_padded_in_miagb,k__Bacteria|p__Firmicutes|c__Clostridia|o__Eubacteriales|f__Clostridiaceae|g__GGB3550,GGB3550,,True,Absent in MiaGB; MiaGB value padded with 0
alz_only_padded_in_miagb,k__Bacteria|p__Firmicutes|c__CFGB3054|o__OFGB3054|f__FGB3054|g__GGB35551,GGB35551,,True,Absent in MiaGB; MiaGB value padded with 0
alz_only_padded_in_miagb,k__Bacteria|p__Firmicutes|c__CFGB9828|o__OFGB9828|f__FGB9828|g__GGB35597,GGB35597,,True,Absent in MiaGB; MiaGB value padded with 0
alz_only_padded_in_miagb,k__Bacteria|p__Firmicutes|c__CFGB9718|o__OFGB9718|f__FGB9718|g__GGB3569,GGB3569,,True,Absent in MiaGB; MiaGB value padded with 0
alz_only_padded_in_miagb,k__Bacteria|p__Firmicutes|c__Clostridia|o__Eubacteriales|f__Lachnospiraceae|g__GGB3576,GGB3576,,True,Absent in MiaGB; MiaGB value padded with 0
alz_only_padded_in_miagb,k__Bacteria|p__Firmicutes|c__Clostridia|o__Eubacteriales|f__Lachnospiraceae|g__GGB3583,GGB3583,,True,Absent in MiaGB; MiaGB value padded with 0
alz_only_padded_in_miagb,k__Bacteria|p__Firmicutes|c__Clostridia|o__Eubacteriales|f__Lachnospiraceae|g__GGB3585,GGB3585,,True,Absent in MiaGB; MiaGB value padded with 0
alz_only_padded_in_miagb,k__Bacteria|p__Firmicutes|c__Clostridia|o__Eubacteriales|f__Lachnospiraceae|g__GGB3588,GGB3588,,True,Absent in MiaGB; MiaGB value padded with 0
alz_only_padded_in_miagb,k__Bacteria|p__Firmicutes|c__Clostridia|o__Eubacteriales|f__Lachnospiraceae|g__GGB3593,GGB3593,,True,Absent in MiaGB; MiaGB value padded with 0
alz_only_padded_in_miagb,k__Bacteria|p__Firmicutes|c__Clostridia|o__Eubacteriales|f__Lachnospiraceae|g__GGB3600,GGB3600,,True,Absent in MiaGB; MiaGB value padded with 0
alz_only_padded_in_miagb,k__Bacteria|p__Firmicutes|c__Clostridia|o__Eubacteriales|f__Lachnospiraceae|g__GGB3602,GGB3602,,True,Absent in MiaGB; MiaGB value padded with 0
alz_only_padded_in_miagb,k__Bacteria|p__Firmicutes|c__Clostridia|o__Eubacteriales|f__Lachnospiraceae|g__GGB3603,GGB3603,,True,Absent in MiaGB; MiaGB value padded with 0
alz_only_padded_in_miagb,k__Bacteria|p__Firmicutes|c__Clostridia|o__Eubacteriales|f__Lachnospiraceae|g__GGB3606,GGB3606,,True,Absent in MiaGB; MiaGB value padded with 0
alz_only_padded_in_miagb,k__Bacteria|p__Firmicutes|c__Clostridia|o__Eubacteriales|f__Lachnospiraceae|g__GGB3609,GGB3609,,True,Absent in MiaGB; MiaGB value padded with 0
alz_only_padded_in_miagb,k__Bacteria|p__Firmicutes|c__CFGB72924|o__OFGB72924|f__FGB72924|g__GGB3612,GGB3612,,True,Absent in MiaGB; MiaGB value padded with 0
alz_only_padded_in_miagb,k__Bacteria|p__Firmicutes|c__CFGB9629|o__OFGB9629|f__FGB9629|g__GGB3615,GGB3615,,True,Absent in MiaGB; MiaGB value padded with 0
alz_only_padded_in_miagb,k__Bacteria|p__Firmicutes|c__CFGB3625|o__OFGB3625|f__FGB3625|g__GGB3616,GGB3616,,True,Absent in MiaGB; MiaGB value padded with 0
alz_only_padded_in_miagb,k__Bacteria|p__Firmicutes|c__Clostridia|o__Eubacteriales|f__Lachnospiraceae|g__GGB3617,GGB3617,,True,Absent in MiaGB; MiaGB value padded with 0
alz_only_padded_in_miagb,k__Bacteria|p__Firmicutes|c__Clostridia|o__Eubacteriales|f__Lachnospiraceae|g__GGB3619,GGB3619,,True,Absent in MiaGB; MiaGB value padded with 0
alz_only_padded_in_miagb,k__Bacteria|p__Firmicutes|c__Clostridia|o__Eubacteriales|f__Lachnospiraceae|g__GGB3622,GGB3622,,True,Absent in MiaGB; MiaGB value padded with 0
alz_only_padded_in_miagb,k__Bacteria|p__Firmicutes|c__CFGB78857|o__OFGB78857|f__FGB78857|g__GGB3623,GGB3623,,True,Absent in MiaGB; MiaGB value padded with 0
alz_only_padded_in_miagb,k__Bacteria|p__Firmicutes|c__Clostridia|o__Eubacteriales|f__Lachnospiraceae|g__GGB3626,GGB3626,,True,Absent in MiaGB; MiaGB value padded with 0
alz_only_padded_in_miagb,k__Bacteria|p__Firmicutes|c__CFGB2915|o__OFGB2915|f__FGB2915|g__GGB36267,GGB36267,,True,Absent in MiaGB; MiaGB value padded with 0
alz_only_padded_in_miagb,k__Bacteria|p__Firmicutes|c__Clostridia|o__Eubacteriales|f__Lachnospiraceae|g__GGB3627,GGB3627,,True,Absent in MiaGB; MiaGB value padded with 0
alz_only_padded_in_miagb,k__Bacteria|p__Firmicutes|c__Clostridia|o__Eubacteriales|f__Lachnospiraceae|g__GGB3632,GGB3632,,True,Absent in MiaGB; MiaGB value padded with 0
alz_only_padded_in_miagb,k__Bacteria|p__Firmicutes|c__Clostridia|o__Eubacteriales|f__Oscillospiraceae|g__GGB36331,GGB36331,,True,Absent in MiaGB; MiaGB value padded with 0
alz_only_padded_in_miagb,k__Bacteria|p__Firmicutes|c__Clostridia|o__Eubacteriales|f__Lachnospiraceae|g__GGB3637,GGB3637,,True,Absent in MiaGB; MiaGB value padded with 0
alz_only_padded_in_miagb,k__Bacteria|p__Firmicutes|c__Clostridia|o__Eubacteriales|f__Lachnospiraceae|g__GGB3640,GGB3640,,True,Absent in MiaGB; MiaGB value padded with 0
alz_only_padded_in_miagb,k__Bacteria|p__Firmicutes|c__Clostridia|o__Eubacteriales|f__Lachnospiraceae|g__GGB3649,GGB3649,,True,Absent in MiaGB; MiaGB value padded with 0
alz_only_padded_in_miagb,k__Bacteria|p__Firmicutes|c__Clostridia|o__Eubacteriales|f__Lachnospiraceae|g__GGB3653,GGB3653,,True,Absent in MiaGB; MiaGB value padded with 0
alz_only_padded_in_miagb,k__Bacteria|p__Firmicutes|c__CFGB4529|o__OFGB4529|f__FGB4529|g__GGB3654,GGB3654,,True,Absent in MiaGB; MiaGB value padded with 0
alz_only_padded_in_miagb,k__Bacteria|p__Proteobacteria|c__Betaproteobacteria|o__Burkholderiales|f__Sutterellaceae|g__GGB36599,GGB36599,,True,Absent in MiaGB; MiaGB value padded with 0
alz_only_padded_in_miagb,k__Bacteria|p__Firmicutes|c__Clostridia|o__Eubacteriales|f__Lachnospiraceae|g__GGB3662,GGB3662,,True,Absent in MiaGB; MiaGB value padded with 0
alz_only_padded_in_miagb,k__Bacteria|p__Firmicutes|c__Clostridia|o__Eubacteriales|f__Lachnospiraceae|g__GGB3664,GGB3664,,True,Absent in MiaGB; MiaGB value padded with 0
alz_only_padded_in_miagb,k__Bacteria|p__Firmicutes|c__Clostridia|o__Eubacteriales|f__Lachnospiraceae|g__GGB3677,GGB3677,,True,Absent in MiaGB; MiaGB value padded with 0
alz_only_padded_in_miagb,k__Bacteria|p__Firmicutes|c__Clostridia|o__Eubacteriales|f__Lachnospiraceae|g__GGB3678,GGB3678,,True,Absent in MiaGB; MiaGB value padded with 0
alz_only_padded_in_miagb,k__Bacteria|p__Firmicutes|c__Firmicutes_unclassified|o__Firmicutes_unclassified|f__Firmicutes_unclassified|g__GGB3680,GGB3680,,True,Absent in MiaGB; MiaGB value padded with 0
alz_only_padded_in_miagb,k__Archaea|p__Candidatus_Thermoplasmatota|c__Thermoplasmata|o__Methanomassiliicoccales|f__Candidatus_Methanomethylophilaceae|g__GGB36925,GGB36925,,True,Absent in MiaGB; MiaGB value padded with 0
alz_only_padded_in_miagb,k__Bacteria|p__Firmicutes|c__CFGB1470|o__OFGB1470|f__FGB1470|g__GGB3717,GGB3717,,True,Absent in MiaGB; MiaGB value padded with 0
alz_only_padded_in_miagb,k__Bacteria|p__Firmicutes|c__Clostridia|o__Eubacteriales|f__Eubacteriaceae|g__GGB3722,GGB3722,,True,Absent in MiaGB; MiaGB value padded with 0
alz_only_padded_in_miagb,k__Bacteria|p__Firmicutes|c__Clostridia|o__Eubacteriales|f__Eubacteriaceae|g__GGB3724,GGB3724,,True,Absent in MiaGB; MiaGB value padded with 0
alz_only_padded_in_miagb,k__Bacteria|p__Firmicutes|c__CFGB79303|o__OFGB79303|f__FGB79303|g__GGB3725,GGB3725,,True,Absent in MiaGB; MiaGB value padded with 0
alz_only_padded_in_miagb,k__Bacteria|p__Firmicutes|c__Clostridia|o__Eubacteriales|f__Eubacteriaceae|g__GGB3727,GGB3727,,True,Absent in MiaGB; MiaGB value padded with 0
alz_only_padded_in_miagb,k__Bacteria|p__Firmicutes|c__CFGB1473|o__OFGB1473|f__FGB1473|g__GGB3730,GGB3730,,True,Absent in MiaGB; MiaGB value padded with 0
alz_only_padded_in_miagb,k__Bacteria|p__Firmicutes|c__CFGB1474|o__OFGB1474|f__FGB1474|g__GGB3731,GGB3731,,True,Absent in MiaGB; MiaGB value padded with 0
alz_only_padded_in_miagb,k__Bacteria|p__Firmicutes|c__Clostridia|o__Eubacteriales|f__Oscillospiraceae|g__GGB37323,GGB37323,,True,Absent in MiaGB; MiaGB value padded with 0
alz_only_padded_in_miagb,k__Bacteria|p__Firmicutes|c__Clostridia|o__Eubacteriales|f__Lachnospiraceae|g__GGB3733,GGB3733,,True,Absent in MiaGB; MiaGB value padded with 0
alz_only_padded_in_miagb,k__Bacteria|p__Firmicutes|c__Clostridia|o__Eubacteriales|f__Lachnospiraceae|g__GGB3737,GGB3737,,True,Absent in MiaGB; MiaGB value padded with 0
alz_only_padded_in_miagb,k__Bacteria|p__Firmicutes|c__Clostridia|o__Eubacteriales|f__Lachnospiraceae|g__GGB3738,GGB3738,,True,Absent in MiaGB; MiaGB value padded with 0
alz_only_padded_in_miagb,k__Bacteria|p__Firmicutes|c__Clostridia|o__Eubacteriales|f__Lachnospiraceae|g__GGB3740,GGB3740,,True,Absent in MiaGB; MiaGB value padded with 0
alz_only_padded_in_miagb,k__Bacteria|p__Firmicutes|c__Clostridia|o__Eubacteriales|f__Lachnospiraceae|g__GGB3741,GGB3741,,True,Absent in MiaGB; MiaGB value padded with 0
alz_only_padded_in_miagb,k__Bacteria|p__Firmicutes|c__Clostridia|o__Eubacteriales|f__Lachnospiraceae|g__GGB3743,GGB3743,,True,Absent in MiaGB; MiaGB value padded with 0
alz_only_padded_in_miagb,k__Bacteria|p__Firmicutes|c__CFGB9512|o__OFGB9512|f__FGB9512|g__GGB37488,GGB37488,,True,Absent in MiaGB; MiaGB value padded with 0
alz_only_padded_in_miagb,k__Bacteria|p__Firmicutes|c__CFGB1479|o__OFGB1479|f__FGB1479|g__GGB3751,GGB3751,,True,Absent in MiaGB; MiaGB value padded with 0
alz_only_padded_in_miagb,k__Bacteria|p__Firmicutes|c__CFGB1479|o__OFGB1479|f__FGB1479|g__GGB3753,GGB3753,,True,Absent in MiaGB; MiaGB value padded with 0
alz_only_padded_in_miagb,k__Bacteria|p__Firmicutes|c__CFGB8140|o__OFGB8140|f__FGB8140|g__GGB3754,GGB3754,,True,Absent in MiaGB; MiaGB value padded with 0
alz_only_padded_in_miagb,k__Bacteria|p__Firmicutes|c__CFGB8140|o__OFGB8140|f__FGB8140|g__GGB3755,GGB3755,,True,Absent in MiaGB; MiaGB value padded with 0
alz_only_padded_in_miagb,k__Bacteria|p__Firmicutes|c__Clostridia|o__Eubacteriales|f__Lachnospiraceae|g__GGB3761,GGB3761,,True,Absent in MiaGB; MiaGB value padded with 0
alz_only_padded_in_miagb,k__Bacteria|p__Firmicutes|c__CFGB10318|o__OFGB10318|f__FGB10318|g__GGB37878,GGB37878,,True,Absent in MiaGB; MiaGB value padded with 0
alz_only_padded_in_miagb,k__Bacteria|p__Firmicutes|c__CFGB3054|o__OFGB3054|f__FGB3054|g__GGB38036,GGB38036,,True,Absent in MiaGB; MiaGB value padded with 0
alz_only_padded_in_miagb,k__Bacteria|p__Tenericutes|c__CFGB13888|o__OFGB13888|f__FGB13888|g__GGB38079,GGB38079,,True,Absent in MiaGB; MiaGB value padded with 0
alz_only_padded_in_miagb,k__Bacteria|p__Actinobacteria|c__CFGB77988|o__OFGB77988|f__FGB77988|g__GGB38145,GGB38145,,True,Absent in MiaGB; MiaGB value padded with 0
alz_only_padded_in_miagb,k__Bacteria|p__Firmicutes|c__Clostridia|o__Eubacteriales|f__Lachnospiraceae|g__GGB3816,GGB3816,,True,Absent in MiaGB; MiaGB value padded with 0
alz_only_padded_in_miagb,k__Bacteria|p__Firmicutes|c__Clostridia|o__Eubacteriales|f__Lachnospiraceae|g__GGB3817,GGB3817,,True,Absent in MiaGB; MiaGB value padded with 0
alz_only_padded_in_miagb,k__Bacteria|p__Firmicutes|c__Clostridia|o__Eubacteriales|f__Lachnospiraceae|g__GGB3818,GGB3818,,True,Absent in MiaGB; MiaGB value padded with 0
alz_only_padded_in_miagb,k__Bacteria|p__Firmicutes|c__Clostridia|o__Eubacteriales|f__Lachnospiraceae|g__GGB3819,GGB3819,,True,Absent in MiaGB; MiaGB value padded with 0
alz_only_padded_in_miagb,k__Bacteria|p__Firmicutes|c__Clostridia|o__Eubacteriales|f__Lachnospiraceae|g__GGB38239,GGB38239,,True,Absent in MiaGB; MiaGB value padded with 0
alz_only_padded_in_miagb,k__Bacteria|p__Firmicutes|c__Clostridia|o__Eubacteriales|f__Lachnospiraceae|g__GGB3828,GGB3828,,True,Absent in MiaGB; MiaGB value padded with 0
alz_only_padded_in_miagb,k__Bacteria|p__Candidatus_Melainabacteria|c__CFGB2104|o__OFGB2104|f__FGB2104|g__GGB38442,GGB38442,,True,Absent in MiaGB; MiaGB value padded with 0
alz_only_padded_in_miagb,k__Bacteria|p__Firmicutes|c__Clostridia|o__Eubacteriales|f__Lachnospiraceae|g__GGB3859,GGB3859,,True,Absent in MiaGB; MiaGB value padded with 0
alz_only_padded_in_miagb,k__Bacteria|p__Firmicutes|c__Clostridia|o__Eubacteriales|f__Lachnospiraceae|g__GGB3862,GGB3862,,True,Absent in MiaGB; MiaGB value padded with 0
alz_only_padded_in_miagb,k__Bacteria|p__Firmicutes|c__CFGB2947|o__OFGB2947|f__FGB2947|g__GGB38716,GGB38716,,True,Absent in MiaGB; MiaGB value padded with 0
alz_only_padded_in_miagb,k__Bacteria|p__Firmicutes|c__Clostridia|o__Eubacteriales|f__Oscillospiraceae|g__GGB38744,GGB38744,,True,Absent in MiaGB; MiaGB value padded with 0
alz_only_padded_in_miagb,k__Bacteria|p__Firmicutes|c__Clostridia|o__Eubacteriales|f__Lachnospiraceae|g__GGB3883,GGB3883,,True,Absent in MiaGB; MiaGB value padded with 0
alz_only_padded_in_miagb,k__Bacteria|p__Firmicutes|c__CFGB1538|o__OFGB1538|f__FGB1538|g__GGB3892,GGB3892,,True,Absent in MiaGB; MiaGB value padded with 0
alz_only_padded_in_miagb,k__Bacteria|p__Firmicutes|c__Clostridia|o__Eubacteriales|f__Oscillospiraceae|g__GGB38987,GGB38987,,True,Absent in MiaGB; MiaGB value padded with 0
alz_only_padded_in_miagb,k__Bacteria|p__Firmicutes|c__CFGB1359|o__OFGB1359|f__FGB1359|g__GGB39037,GGB39037,,True,Absent in MiaGB; MiaGB value padded with 0
alz_only_padded_in_miagb,k__Bacteria|p__Firmicutes|c__Clostridia|o__Eubacteriales|f__Lachnospiraceae|g__GGB39570,GGB39570,,True,Absent in MiaGB; MiaGB value padded with 0
alz_only_padded_in_miagb,k__Bacteria|p__Firmicutes|c__Clostridia|o__Eubacteriales|f__Lachnospiraceae|g__GGB40344,GGB40344,,True,Absent in MiaGB; MiaGB value padded with 0
alz_only_padded_in_miagb,k__Bacteria|p__Firmicutes|c__CFGB2979|o__OFGB2979|f__FGB2979|g__GGB40351,GGB40351,,True,Absent in MiaGB; MiaGB value padded with 0
alz_only_padded_in_miagb,k__Bacteria|p__Firmicutes|c__Clostridia|o__Eubacteriales|f__Oscillospiraceae|g__GGB41366,GGB41366,,True,Absent in MiaGB; MiaGB value padded with 0
alz_only_padded_in_miagb,k__Bacteria|p__Firmicutes|c__CFGB15212|o__OFGB15212|f__FGB15212|g__GGB41458,GGB41458,,True,Absent in MiaGB; MiaGB value padded with 0
alz_only_padded_in_miagb,k__Bacteria|p__Firmicutes|c__Clostridia|o__Eubacteriales|f__Lachnospiraceae|g__GGB41473,GGB41473,,True,Absent in MiaGB; MiaGB value padded with 0
alz_only_padded_in_miagb,k__Bacteria|p__Firmicutes|c__Erysipelotrichia|o__Erysipelotrichales|f__Turicibacteraceae|g__GGB41904,GGB41904,,True,Absent in MiaGB; MiaGB value padded with 0
alz_only_padded_in_miagb,k__Bacteria|p__Firmicutes|c__CFGB1677|o__OFGB1677|f__FGB1677|g__GGB4197,GGB4197,,True,Absent in MiaGB; MiaGB value padded with 0
alz_only_padded_in_miagb,k__Bacteria|p__Firmicutes|c__Clostridia|o__Eubacteriales|f__Lachnospiraceae|g__GGB42184,GGB42184,,True,Absent in MiaGB; MiaGB value padded with 0
alz_only_padded_in_miagb,k__Bacteria|p__Firmicutes|c__CFGB1695|o__OFGB1695|f__FGB1695|g__GGB4231,GGB4231,,True,Absent in MiaGB; MiaGB value padded with 0
alz_only_padded_in_miagb,k__Bacteria|p__Firmicutes|c__Negativicutes|o__Acidaminococcales|f__Acidaminococcaceae|g__GGB4237,GGB4237,,True,Absent in MiaGB; MiaGB value padded with 0
alz_only_padded_in_miagb,k__Bacteria|p__Firmicutes|c__CFGB30287|o__OFGB30287|f__FGB30287|g__GGB42378,GGB42378,,True,Absent in MiaGB; MiaGB value padded with 0
alz_only_padded_in_miagb,k__Bacteria|p__Firmicutes|c__CFGB40183|o__OFGB40183|f__FGB40183|g__GGB42389,GGB42389,,True,Absent in MiaGB; MiaGB value padded with 0
alz_only_padded_in_miagb,k__Bacteria|p__Firmicutes|c__Negativicutes|o__Acidaminococcales|f__Acidaminococcaceae|g__GGB4239,GGB4239,,True,Absent in MiaGB; MiaGB value padded with 0
alz_only_padded_in_miagb,k__Bacteria|p__Firmicutes|c__CFGB40230|o__OFGB40230|f__FGB40230|g__GGB42467,GGB42467,,True,Absent in MiaGB; MiaGB value padded with 0
alz_only_padded_in_miagb,k__Bacteria|p__Firmicutes|c__Negativicutes|o__Acidaminococcales|f__Acidaminococcaceae|g__GGB4249,GGB4249,,True,Absent in MiaGB; MiaGB value padded with 0
alz_only_padded_in_miagb,k__Bacteria|p__Firmicutes|c__Negativicutes|o__Acidaminococcales|f__Acidaminococcaceae|g__GGB4255,GGB4255,,True,Absent in MiaGB; MiaGB value padded with 0
alz_only_padded_in_miagb,k__Bacteria|p__Firmicutes|c__Negativicutes|o__Acidaminococcales|f__Acidaminococcaceae|g__GGB4257,GGB4257,,True,Absent in MiaGB; MiaGB value padded with 0
alz_only_padded_in_miagb,k__Bacteria|p__Firmicutes|c__Negativicutes|o__Veillonellales|f__Veillonellaceae|g__GGB4263,GGB4263,,True,Absent in MiaGB; MiaGB value padded with 0
alz_only_padded_in_miagb,k__Bacteria|p__Firmicutes|c__Clostridia|o__Eubacteriales|f__Clostridiaceae|g__GGB42639,GGB42639,,True,Absent in MiaGB; MiaGB value padded with 0
alz_only_padded_in_miagb,k__Bacteria|p__Firmicutes|c__Negativicutes|o__Veillonellales|f__Veillonellaceae|g__GGB4266,GGB4266,,True,Absent in MiaGB; MiaGB value padded with 0
alz_only_padded_in_miagb,k__Bacteria|p__Firmicutes|c__Clostridia|o__Eubacteriales|f__Lachnospiraceae|g__GGB42689,GGB42689,,True,Absent in MiaGB; MiaGB value padded with 0
alz_only_padded_in_miagb,k__Bacteria|p__Firmicutes|c__Negativicutes|o__Selenomonadales|f__Selenomonadaceae|g__GGB42711,GGB42711,,True,Absent in MiaGB; MiaGB value padded with 0
alz_only_padded_in_miagb,k__Bacteria|p__Firmicutes|c__Negativicutes|o__Veillonellales|f__Veillonellaceae|g__GGB4277,GGB4277,,True,Absent in MiaGB; MiaGB value padded with 0
alz_only_padded_in_miagb,k__Bacteria|p__Firmicutes|c__CFGB79326|o__OFGB79326|f__FGB79326|g__GGB43675,GGB43675,,True,Absent in MiaGB; MiaGB value padded with 0
alz_only_padded_in_miagb,k__Bacteria|p__Fusobacteria|c__Fusobacteriia|o__Fusobacteriales|f__Fusobacteriaceae|g__GGB4386,GGB4386,,True,Absent in MiaGB; MiaGB value padded with 0
alz_only_padded_in_miagb,k__Bacteria|p__Firmicutes|c__CFGB38703|o__OFGB38703|f__FGB38703|g__GGB44201,GGB44201,,True,Absent in MiaGB; MiaGB value padded with 0
alz_only_padded_in_miagb,k__Bacteria|p__Firmicutes|c__Clostridia|o__Eubacteriales|f__Peptostreptococcaceae|g__GGB4456,GGB4456,,True,Absent in MiaGB; MiaGB value padded with 0
alz_only_padded_in_miagb,k__Bacteria|p__Firmicutes|c__Clostridia|o__Eubacteriales|f__Clostridiaceae|g__GGB4487,GGB4487,,True,Absent in MiaGB; MiaGB value padded with 0
alz_only_padded_in_miagb,k__Bacteria|p__Firmicutes|c__CFGB1763|o__OFGB1763|f__FGB1763|g__GGB4536,GGB4536,,True,Absent in MiaGB; MiaGB value padded with 0
alz_only_padded_in_miagb,k__Bacteria|p__Firmicutes|c__CFGB1765|o__OFGB1765|f__FGB1765|g__GGB4539,GGB4539,,True,Absent in MiaGB; MiaGB value padded with 0
alz_only_padded_in_miagb,k__Bacteria|p__Firmicutes|c__CFGB1765|o__OFGB1765|f__FGB1765|g__GGB4541,GGB4541,,True,Absent in MiaGB; MiaGB value padded with 0
alz_only_padded_in_miagb,k__Bacteria|p__Firmicutes|c__CFGB1765|o__OFGB1765|f__FGB1765|g__GGB4542,GGB4542,,True,Absent in MiaGB; MiaGB value padded with 0
alz_only_padded_in_miagb,k__Bacteria|p__Firmicutes|c__CFGB1765|o__OFGB1765|f__FGB1765|g__GGB4543,GGB4543,,True,Absent in MiaGB; MiaGB value padded with 0
alz_only_padded_in_miagb,k__Bacteria|p__Actinobacteria|c__Coriobacteriia|o__Eggerthellales|f__Eggerthellaceae|g__GGB45432,GGB45432,,True,Absent in MiaGB; MiaGB value padded with 0
alz_only_padded_in_miagb,k__Bacteria|p__Firmicutes|c__CFGB1765|o__OFGB1765|f__FGB1765|g__GGB4546,GGB4546,,True,Absent in MiaGB; MiaGB value padded with 0
alz_only_padded_in_miagb,k__Bacteria|p__Firmicutes|c__CFGB1765|o__OFGB1765|f__FGB1765|g__GGB4547,GGB4547,,True,Absent in MiaGB; MiaGB value padded with 0
alz_only_padded_in_miagb,k__Bacteria|p__Firmicutes|c__CFGB1765|o__OFGB1765|f__FGB1765|g__GGB4549,GGB4549,,True,Absent in MiaGB; MiaGB value padded with 0
alz_only_padded_in_miagb,k__Bacteria|p__Firmicutes|c__CFGB3072|o__OFGB3072|f__FGB3072|g__GGB45491,GGB45491,,True,Absent in MiaGB; MiaGB value padded with 0
alz_only_padded_in_miagb,k__Bacteria|p__Firmicutes|c__CFGB3072|o__OFGB3072|f__FGB3072|g__GGB45495,GGB45495,,True,Absent in MiaGB; MiaGB value padded with 0
alz_only_padded_in_miagb,k__Bacteria|p__Firmicutes|c__CFGB77241|o__OFGB77241|f__FGB77241|g__GGB45497,GGB45497,,True,Absent in MiaGB; MiaGB value padded with 0
alz_only_padded_in_miagb,k__Bacteria|p__Firmicutes|c__CFGB1765|o__OFGB1765|f__FGB1765|g__GGB4550,GGB4550,,True,Absent in MiaGB; MiaGB value padded with 0
alz_only_padded_in_miagb,k__Bacteria|p__Firmicutes|c__CFGB45503|o__OFGB45503|f__FGB45503|g__GGB45503,GGB45503,,True,Absent in MiaGB; MiaGB value padded with 0
alz_only_padded_in_miagb,k__Bacteria|p__Firmicutes|c__CFGB1765|o__OFGB1765|f__FGB1765|g__GGB4552,GGB4552,,True,Absent in MiaGB; MiaGB value padded with 0
alz_only_padded_in_miagb,k__Bacteria|p__Firmicutes|c__Clostridia|o__Eubacteriales|f__Oscillospiraceae|g__GGB45537,GGB45537,,True,Absent in MiaGB; MiaGB value padded with 0
alz_only_padded_in_miagb,k__Bacteria|p__Firmicutes|c__CFGB10341|o__OFGB10341|f__FGB10341|g__GGB4554,GGB4554,,True,Absent in MiaGB; MiaGB value padded with 0
alz_only_padded_in_miagb,k__Bacteria|p__Firmicutes|c__Clostridia|o__Eubacteriales|f__Oscillospiraceae|g__GGB45540,GGB45540,,True,Absent in MiaGB; MiaGB value padded with 0
alz_only_padded_in_miagb,k__Bacteria|p__Firmicutes|c__CFGB10341|o__OFGB10341|f__FGB10341|g__GGB4555,GGB4555,,True,Absent in MiaGB; MiaGB value padded with 0
alz_only_padded_in_miagb,k__Bacteria|p__Firmicutes|c__CFGB1765|o__OFGB1765|f__FGB1765|g__GGB4557,GGB4557,,True,Absent in MiaGB; MiaGB value padded with 0
alz_only_padded_in_miagb,k__Bacteria|p__Firmicutes|c__CFGB1765|o__OFGB1765|f__FGB1765|g__GGB4558,GGB4558,,True,Absent in MiaGB; MiaGB value padded with 0
alz_only_padded_in_miagb,k__Bacteria|p__Firmicutes|c__CFGB1765|o__OFGB1765|f__FGB1765|g__GGB4559,GGB4559,,True,Absent in MiaGB; MiaGB value padded with 0
alz_only_padded_in_miagb,k__Bacteria|p__Firmicutes|c__Clostridia|o__Eubacteriales|f__Oscillospiraceae|g__GGB45596,GGB45596,,True,Absent in MiaGB; MiaGB value padded with 0
alz_only_padded_in_miagb,k__Bacteria|p__Firmicutes|c__Clostridia|o__Eubacteriales|f__Oscillospiraceae|g__GGB45599,GGB45599,,True,Absent in MiaGB; MiaGB value padded with 0
alz_only_padded_in_miagb,k__Bacteria|p__Firmicutes|c__Clostridia|o__Eubacteriales|f__Oscillospiraceae|g__GGB45600,GGB45600,,True,Absent in MiaGB; MiaGB value padded with 0
alz_only_padded_in_miagb,k__Bacteria|p__Firmicutes|c__CFGB45628|o__OFGB45628|f__FGB45628|g__GGB45613,GGB45613,,True,Absent in MiaGB; MiaGB value padded with 0
alz_only_padded_in_miagb,k__Bacteria|p__Firmicutes|c__CFGB1765|o__OFGB1765|f__FGB1765|g__GGB4562,GGB4562,,True,Absent in MiaGB; MiaGB value padded with 0
alz_only_padded_in_miagb,k__Bacteria|p__Firmicutes|c__CFGB24517|o__OFGB24517|f__FGB24517|g__GGB45620,GGB45620,,True,Absent in MiaGB; MiaGB value padded with 0
alz_only_padded_in_miagb,k__Bacteria|p__Firmicutes|c__CFGB1765|o__OFGB1765|f__FGB1765|g__GGB4563,GGB4563,,True,Absent in MiaGB; MiaGB value padded with 0
alz_only_padded_in_miagb,k__Bacteria|p__Firmicutes|c__CFGB1765|o__OFGB1765|f__FGB1765|g__GGB4564,GGB4564,,True,Absent in MiaGB; MiaGB value padded with 0
alz_only_padded_in_miagb,k__Bacteria|p__Firmicutes|c__Clostridia|o__Eubacteriales|f__Christensenellaceae|g__GGB45656,GGB45656,,True,Absent in MiaGB; MiaGB value padded with 0
alz_only_padded_in_miagb,k__Bacteria|p__Firmicutes|c__CFGB1765|o__OFGB1765|f__FGB1765|g__GGB4566,GGB4566,,True,Absent in MiaGB; MiaGB value padded with 0
alz_only_padded_in_miagb,k__Bacteria|p__Firmicutes|c__CFGB1765|o__OFGB1765|f__FGB1765|g__GGB4567,GGB4567,,True,Absent in MiaGB; MiaGB value padded with 0
alz_only_padded_in_miagb,k__Bacteria|p__Firmicutes|c__CFGB1765|o__OFGB1765|f__FGB1765|g__GGB4568,GGB4568,,True,Absent in MiaGB; MiaGB value padded with 0
alz_only_padded_in_miagb,k__Bacteria|p__Firmicutes|c__CFGB1765|o__OFGB1765|f__FGB1765|g__GGB4569,GGB4569,,True,Absent in MiaGB; MiaGB value padded with 0
alz_only_padded_in_miagb,k__Bacteria|p__Firmicutes|c__CFGB1765|o__OFGB1765|f__FGB1765|g__GGB4570,GGB4570,,True,Absent in MiaGB; MiaGB value padded with 0
alz_only_padded_in_miagb,k__Bacteria|p__Firmicutes|c__CFGB1765|o__OFGB1765|f__FGB1765|g__GGB4571,GGB4571,,True,Absent in MiaGB; MiaGB value padded with 0
alz_only_padded_in_miagb,k__Bacteria|p__Firmicutes|c__CFGB1765|o__OFGB1765|f__FGB1765|g__GGB4574,GGB4574,,True,Absent in MiaGB; MiaGB value padded with 0
alz_only_padded_in_miagb,k__Bacteria|p__Firmicutes|c__CFGB1765|o__OFGB1765|f__FGB1765|g__GGB4578,GGB4578,,True,Absent in MiaGB; MiaGB value padded with 0
alz_only_padded_in_miagb,k__Bacteria|p__Firmicutes|c__CFGB1765|o__OFGB1765|f__FGB1765|g__GGB4579,GGB4579,,True,Absent in MiaGB; MiaGB value padded with 0
alz_only_padded_in_miagb,k__Bacteria|p__Firmicutes|c__CFGB1765|o__OFGB1765|f__FGB1765|g__GGB4580,GGB4580,,True,Absent in MiaGB; MiaGB value padded with 0
alz_only_padded_in_miagb,k__Bacteria|p__Firmicutes|c__CFGB1765|o__OFGB1765|f__FGB1765|g__GGB4581,GGB4581,,True,Absent in MiaGB; MiaGB value padded with 0
alz_only_padded_in_miagb,k__Bacteria|p__Firmicutes|c__CFGB1765|o__OFGB1765|f__FGB1765|g__GGB4583,GGB4583,,True,Absent in MiaGB; MiaGB value padded with 0
alz_only_padded_in_miagb,k__Bacteria|p__Firmicutes|c__CFGB1765|o__OFGB1765|f__FGB1765|g__GGB4584,GGB4584,,True,Absent in MiaGB; MiaGB value padded with 0
alz_only_padded_in_miagb,k__Bacteria|p__Firmicutes|c__CFGB1765|o__OFGB1765|f__FGB1765|g__GGB4585,GGB4585,,True,Absent in MiaGB; MiaGB value padded with 0
alz_only_padded_in_miagb,k__Bacteria|p__Firmicutes|c__CFGB1765|o__OFGB1765|f__FGB1765|g__GGB4586,GGB4586,,True,Absent in MiaGB; MiaGB value padded with 0
alz_only_padded_in_miagb,k__Bacteria|p__Firmicutes|c__CFGB1765|o__OFGB1765|f__FGB1765|g__GGB4587,GGB4587,,True,Absent in MiaGB; MiaGB value padded with 0
alz_only_padded_in_miagb,k__Bacteria|p__Firmicutes|c__CFGB1765|o__OFGB1765|f__FGB1765|g__GGB4588,GGB4588,,True,Absent in MiaGB; MiaGB value padded with 0
alz_only_padded_in_miagb,k__Bacteria|p__Firmicutes|c__CFGB1765|o__OFGB1765|f__FGB1765|g__GGB4589,GGB4589,,True,Absent in MiaGB; MiaGB value padded with 0
alz_only_padded_in_miagb,k__Bacteria|p__Firmicutes|c__CFGB1765|o__OFGB1765|f__FGB1765|g__GGB4590,GGB4590,,True,Absent in MiaGB; MiaGB value padded with 0
alz_only_padded_in_miagb,k__Bacteria|p__Firmicutes|c__CFGB1765|o__OFGB1765|f__FGB1765|g__GGB4591,GGB4591,,True,Absent in MiaGB; MiaGB value padded with 0
alz_only_padded_in_miagb,k__Bacteria|p__Firmicutes|c__CFGB1765|o__OFGB1765|f__FGB1765|g__GGB4592,GGB4592,,True,Absent in MiaGB; MiaGB value padded with 0
alz_only_padded_in_miagb,k__Bacteria|p__Firmicutes|c__CFGB1765|o__OFGB1765|f__FGB1765|g__GGB4593,GGB4593,,True,Absent in MiaGB; MiaGB value padded with 0
alz_only_padded_in_miagb,k__Bacteria|p__Firmicutes|c__CFGB1765|o__OFGB1765|f__FGB1765|g__GGB4596,GGB4596,,True,Absent in MiaGB; MiaGB value padded with 0
alz_only_padded_in_miagb,k__Bacteria|p__Firmicutes|c__CFGB1765|o__OFGB1765|f__FGB1765|g__GGB4597,GGB4597,,True,Absent in MiaGB; MiaGB value padded with 0
alz_only_padded_in_miagb,k__Bacteria|p__Firmicutes|c__CFGB1765|o__OFGB1765|f__FGB1765|g__GGB4598,GGB4598,,True,Absent in MiaGB; MiaGB value padded with 0
alz_only_padded_in_miagb,k__Bacteria|p__Firmicutes|c__CFGB1765|o__OFGB1765|f__FGB1765|g__GGB4599,GGB4599,,True,Absent in MiaGB; MiaGB value padded with 0
alz_only_padded_in_miagb,k__Bacteria|p__Firmicutes|c__CFGB1765|o__OFGB1765|f__FGB1765|g__GGB4601,GGB4601,,True,Absent in MiaGB; MiaGB value padded with 0
alz_only_padded_in_miagb,k__Bacteria|p__Firmicutes|c__CFGB1765|o__OFGB1765|f__FGB1765|g__GGB4602,GGB4602,,True,Absent in MiaGB; MiaGB value padded with 0
alz_only_padded_in_miagb,k__Bacteria|p__Firmicutes|c__CFGB1765|o__OFGB1765|f__FGB1765|g__GGB4603,GGB4603,,True,Absent in MiaGB; MiaGB value padded with 0
alz_only_padded_in_miagb,k__Bacteria|p__Firmicutes|c__CFGB1765|o__OFGB1765|f__FGB1765|g__GGB4604,GGB4604,,True,Absent in MiaGB; MiaGB value padded with 0
alz_only_padded_in_miagb,k__Bacteria|p__Firmicutes|c__CFGB1765|o__OFGB1765|f__FGB1765|g__GGB4605,GGB4605,,True,Absent in MiaGB; MiaGB value padded with 0
alz_only_padded_in_miagb,k__Bacteria|p__Firmicutes|c__CFGB72899|o__OFGB72899|f__FGB72899|g__GGB4608,GGB4608,,True,Absent in MiaGB; MiaGB value padded with 0
alz_only_padded_in_miagb,k__Bacteria|p__Firmicutes|c__CFGB72899|o__OFGB72899|f__FGB72899|g__GGB4609,GGB4609,,True,Absent in MiaGB; MiaGB value padded with 0
alz_only_padded_in_miagb,k__Bacteria|p__Firmicutes|c__CFGB72899|o__OFGB72899|f__FGB72899|g__GGB4610,GGB4610,,True,Absent in MiaGB; MiaGB value padded with 0
alz_only_padded_in_miagb,k__Bacteria|p__Firmicutes|c__CFGB72899|o__OFGB72899|f__FGB72899|g__GGB4611,GGB4611,,True,Absent in MiaGB; MiaGB value padded with 0
alz_only_padded_in_miagb,k__Bacteria|p__Firmicutes|c__CFGB72899|o__OFGB72899|f__FGB72899|g__GGB4613,GGB4613,,True,Absent in MiaGB; MiaGB value padded with 0
alz_only_padded_in_miagb,k__Bacteria|p__Bacteroidota|c__Bacteroidia|o__Bacteroidales|f__Muribaculaceae|g__GGB46149,GGB46149,,True,Absent in MiaGB; MiaGB value padded with 0
alz_only_padded_in_miagb,k__Bacteria|p__Bacteroidota|c__Bacteroidia|o__Bacteroidales|f__Muribaculaceae|g__GGB46159,GGB46159,,True,Absent in MiaGB; MiaGB value padded with 0
alz_only_padded_in_miagb,k__Bacteria|p__Firmicutes|c__CFGB9115|o__OFGB9115|f__FGB9115|g__GGB4617,GGB4617,,True,Absent in MiaGB; MiaGB value padded with 0
alz_only_padded_in_miagb,k__Bacteria|p__Firmicutes|c__CFGB1767|o__OFGB1767|f__FGB1767|g__GGB4618,GGB4618,,True,Absent in MiaGB; MiaGB value padded with 0
alz_only_padded_in_miagb,k__Bacteria|p__Firmicutes|c__CFGB1767|o__OFGB1767|f__FGB1767|g__GGB4620,GGB4620,,True,Absent in MiaGB; MiaGB value padded with 0
alz_only_padded_in_miagb,k__Bacteria|p__Firmicutes|c__CFGB1771|o__OFGB1771|f__FGB1771|g__GGB4626,GGB4626,,True,Absent in MiaGB; MiaGB value padded with 0
alz_only_padded_in_miagb,k__Bacteria|p__Firmicutes|c__CFGB10299|o__OFGB10299|f__FGB10299|g__GGB4632,GGB4632,,True,Absent in MiaGB; MiaGB value padded with 0
alz_only_padded_in_miagb,k__Bacteria|p__Firmicutes|c__CFGB10318|o__OFGB10318|f__FGB10318|g__GGB4638,GGB4638,,True,Absent in MiaGB; MiaGB value padded with 0
alz_only_padded_in_miagb,k__Bacteria|p__Firmicutes|c__CFGB10317|o__OFGB10317|f__FGB10317|g__GGB4640,GGB4640,,True,Absent in MiaGB; MiaGB value padded with 0
alz_only_padded_in_miagb,k__Bacteria|p__Firmicutes|c__CFGB10318|o__OFGB10318|f__FGB10318|g__GGB4641,GGB4641,,True,Absent in MiaGB; MiaGB value padded with 0
alz_only_padded_in_miagb,k__Bacteria|p__Firmicutes|c__CFGB9120|o__OFGB9120|f__FGB9120|g__GGB4642,GGB4642,,True,Absent in MiaGB; MiaGB value padded with 0
alz_only_padded_in_miagb,k__Bacteria|p__Firmicutes|c__CFGB10312|o__OFGB10312|f__FGB10312|g__GGB4644,GGB4644,,True,Absent in MiaGB; MiaGB value padded with 0
alz_only_padded_in_miagb,k__Bacteria|p__Firmicutes|c__CFGB9119|o__OFGB9119|f__FGB9119|g__GGB4651,GGB4651,,True,Absent in MiaGB; MiaGB value padded with 0
alz_only_padded_in_miagb,k__Bacteria|p__Firmicutes|c__CFGB9119|o__OFGB9119|f__FGB9119|g__GGB4652,GGB4652,,True,Absent in MiaGB; MiaGB value padded with 0
alz_only_padded_in_miagb,k__Bacteria|p__Firmicutes|c__CFGB9119|o__OFGB9119|f__FGB9119|g__GGB4653,GGB4653,,True,Absent in MiaGB; MiaGB value padded with 0
alz_only_padded_in_miagb,k__Bacteria|p__Firmicutes|c__CFGB10318|o__OFGB10318|f__FGB10318|g__GGB4657,GGB4657,,True,Absent in MiaGB; MiaGB value padded with 0
alz_only_padded_in_miagb,k__Bacteria|p__Firmicutes|c__CFGB10318|o__OFGB10318|f__FGB10318|g__GGB4658,GGB4658,,True,Absent in MiaGB; MiaGB value padded with 0
alz_only_padded_in_miagb,k__Bacteria|p__Firmicutes|c__CFGB9120|o__OFGB9120|f__FGB9120|g__GGB4659,GGB4659,,True,Absent in MiaGB; MiaGB value padded with 0
alz_only_padded_in_miagb,k__Bacteria|p__Firmicutes|c__CFGB10318|o__OFGB10318|f__FGB10318|g__GGB4661,GGB4661,,True,Absent in MiaGB; MiaGB value padded with 0
alz_only_padded_in_miagb,k__Bacteria|p__Firmicutes|c__CFGB10318|o__OFGB10318|f__FGB10318|g__GGB4662,GGB4662,,True,Absent in MiaGB; MiaGB value padded with 0
alz_only_padded_in_miagb,k__Bacteria|p__Firmicutes|c__CFGB10318|o__OFGB10318|f__FGB10318|g__GGB4664,GGB4664,,True,Absent in MiaGB; MiaGB value padded with 0
alz_only_padded_in_miagb,k__Bacteria|p__Firmicutes|c__CFGB10325|o__OFGB10325|f__FGB10325|g__GGB4667,GGB4667,,True,Absent in MiaGB; MiaGB value padded with 0
alz_only_padded_in_miagb,k__Bacteria|p__Firmicutes|c__CFGB10325|o__OFGB10325|f__FGB10325|g__GGB4669,GGB4669,,True,Absent in MiaGB; MiaGB value padded with 0
alz_only_padded_in_miagb,k__Bacteria|p__Firmicutes|c__CFGB1776|o__OFGB1776|f__FGB1776|g__GGB4671,GGB4671,,True,Absent in MiaGB; MiaGB value padded with 0
alz_only_padded_in_miagb,k__Bacteria|p__Firmicutes|c__CFGB79015|o__OFGB79015|f__FGB79015|g__GGB4672,GGB4672,,True,Absent in MiaGB; MiaGB value padded with 0
alz_only_padded_in_miagb,k__Bacteria|p__Firmicutes|c__CFGB79251|o__OFGB79251|f__FGB79251|g__GGB4674,GGB4674,,True,Absent in MiaGB; MiaGB value padded with 0
alz_only_padded_in_miagb,k__Bacteria|p__Firmicutes|c__CFGB10309|o__OFGB10309|f__FGB10309|g__GGB4676,GGB4676,,True,Absent in MiaGB; MiaGB value padded with 0
alz_only_padded_in_miagb,k__Bacteria|p__Firmicutes|c__CFGB1776|o__OFGB1776|f__FGB1776|g__GGB4678,GGB4678,,True,Absent in MiaGB; MiaGB value padded with 0
alz_only_padded_in_miagb,k__Bacteria|p__Firmicutes|c__CFGB1776|o__OFGB1776|f__FGB1776|g__GGB4681,GGB4681,,True,Absent in MiaGB; MiaGB value padded with 0
alz_only_padded_in_miagb,k__Bacteria|p__Firmicutes|c__CFGB1776|o__OFGB1776|f__FGB1776|g__GGB4682,GGB4682,,True,Absent in MiaGB; MiaGB value padded with 0
alz_only_padded_in_miagb,k__Bacteria|p__Firmicutes|c__CFGB1776|o__OFGB1776|f__FGB1776|g__GGB4683,GGB4683,,True,Absent in MiaGB; MiaGB value padded with 0
alz_only_padded_in_miagb,k__Bacteria|p__Firmicutes|c__CFGB1776|o__OFGB1776|f__FGB1776|g__GGB4684,GGB4684,,True,Absent in MiaGB; MiaGB value padded with 0
alz_only_padded_in_miagb,k__Bacteria|p__Firmicutes|c__CFGB1776|o__OFGB1776|f__FGB1776|g__GGB4686,GGB4686,,True,Absent in MiaGB; MiaGB value padded with 0
alz_only_padded_in_miagb,k__Bacteria|p__Firmicutes|c__CFGB79251|o__OFGB79251|f__FGB79251|g__GGB4687,GGB4687,,True,Absent in MiaGB; MiaGB value padded with 0
alz_only_padded_in_miagb,k__Bacteria|p__Firmicutes|c__CFGB73902|o__OFGB73902|f__FGB73902|g__GGB4689,GGB4689,,True,Absent in MiaGB; MiaGB value padded with 0
alz_only_padded_in_miagb,k__Bacteria|p__Firmicutes|c__CFGB73902|o__OFGB73902|f__FGB73902|g__GGB4691,GGB4691,,True,Absent in MiaGB; MiaGB value padded with 0
alz_only_padded_in_miagb,k__Bacteria|p__Firmicutes|c__CFGB1777|o__OFGB1777|f__FGB1777|g__GGB4693,GGB4693,,True,Absent in MiaGB; MiaGB value padded with 0
alz_only_padded_in_miagb,k__Bacteria|p__Firmicutes|c__CFGB1777|o__OFGB1777|f__FGB1777|g__GGB4694,GGB4694,,True,Absent in MiaGB; MiaGB value padded with 0
alz_only_padded_in_miagb,k__Bacteria|p__Firmicutes|c__CFGB1777|o__OFGB1777|f__FGB1777|g__GGB4695,GGB4695,,True,Absent in MiaGB; MiaGB value padded with 0
alz_only_padded_in_miagb,k__Bacteria|p__Firmicutes|c__CFGB31455|o__OFGB31455|f__FGB31455|g__GGB4697,GGB4697,,True,Absent in MiaGB; MiaGB value padded with 0
alz_only_padded_in_miagb,k__Bacteria|p__Firmicutes|c__CFGB31455|o__OFGB31455|f__FGB31455|g__GGB4698,GGB4698,,True,Absent in MiaGB; MiaGB value padded with 0
alz_only_padded_in_miagb,k__Bacteria|p__Firmicutes|c__CFGB31455|o__OFGB31455|f__FGB31455|g__GGB4699,GGB4699,,True,Absent in MiaGB; MiaGB value padded with 0
alz_only_padded_in_miagb,k__Bacteria|p__Firmicutes|c__CFGB31455|o__OFGB31455|f__FGB31455|g__GGB4700,GGB4700,,True,Absent in MiaGB; MiaGB value padded with 0
alz_only_padded_in_miagb,k__Bacteria|p__Firmicutes|c__CFGB10314|o__OFGB10314|f__FGB10314|g__GGB4701,GGB4701,,True,Absent in MiaGB; MiaGB value padded with 0
alz_only_padded_in_miagb,k__Bacteria|p__Firmicutes|c__CFGB10314|o__OFGB10314|f__FGB10314|g__GGB4702,GGB4702,,True,Absent in MiaGB; MiaGB value padded with 0
alz_only_padded_in_miagb,k__Bacteria|p__Firmicutes|c__CFGB10314|o__OFGB10314|f__FGB10314|g__GGB4703,GGB4703,,True,Absent in MiaGB; MiaGB value padded with 0
alz_only_padded_in_miagb,k__Bacteria|p__Firmicutes|c__CFGB79152|o__OFGB79152|f__FGB79152|g__GGB4704,GGB4704,,True,Absent in MiaGB; MiaGB value padded with 0
alz_only_padded_in_miagb,k__Bacteria|p__Firmicutes|c__CFGB79270|o__OFGB79270|f__FGB79270|g__GGB4706,GGB4706,,True,Absent in MiaGB; MiaGB value padded with 0
alz_only_padded_in_miagb,k__Bacteria|p__Firmicutes|c__CFGB79270|o__OFGB79270|f__FGB79270|g__GGB4707,GGB4707,,True,Absent in MiaGB; MiaGB value padded with 0
alz_only_padded_in_miagb,k__Bacteria|p__Firmicutes|c__CFGB79270|o__OFGB79270|f__FGB79270|g__GGB4708,GGB4708,,True,Absent in MiaGB; MiaGB value padded with 0
alz_only_padded_in_miagb,k__Bacteria|p__Firmicutes|c__CFGB10290|o__OFGB10290|f__FGB10290|g__GGB4710,GGB4710,,True,Absent in MiaGB; MiaGB value padded with 0
alz_only_padded_in_miagb,k__Bacteria|p__Firmicutes|c__CFGB79152|o__OFGB79152|f__FGB79152|g__GGB4711,GGB4711,,True,Absent in MiaGB; MiaGB value padded with 0
alz_only_padded_in_miagb,k__Bacteria|p__Firmicutes|c__CFGB1778|o__OFGB1778|f__FGB1778|g__GGB4713,GGB4713,,True,Absent in MiaGB; MiaGB value padded with 0
alz_only_padded_in_miagb,k__Bacteria|p__Firmicutes|c__CFGB1778|o__OFGB1778|f__FGB1778|g__GGB4714,GGB4714,,True,Absent in MiaGB; MiaGB value padded with 0
alz_only_padded_in_miagb,k__Bacteria|p__Firmicutes|c__CFGB9119|o__OFGB9119|f__FGB9119|g__GGB47148,GGB47148,,True,Absent in MiaGB; MiaGB value padded with 0
alz_only_padded_in_miagb,k__Bacteria|p__Firmicutes|c__CFGB1778|o__OFGB1778|f__FGB1778|g__GGB4715,GGB4715,,True,Absent in MiaGB; MiaGB value padded with 0
alz_only_padded_in_miagb,k__Bacteria|p__Firmicutes|c__CFGB72904|o__OFGB72904|f__FGB72904|g__GGB47150,GGB47150,,True,Absent in MiaGB; MiaGB value padded with 0
alz_only_padded_in_miagb,k__Bacteria|p__Firmicutes|c__CFGB1677|o__OFGB1677|f__FGB1677|g__GGB4716,GGB4716,,True,Absent in MiaGB; MiaGB value padded with 0
alz_only_padded_in_miagb,k__Bacteria|p__Firmicutes|c__CFGB1779|o__OFGB1779|f__FGB1779|g__GGB4717,GGB4717,,True,Absent in MiaGB; MiaGB value padded with 0
alz_only_padded_in_miagb,k__Bacteria|p__Firmicutes|c__CFGB1765|o__OFGB1765|f__FGB1765|g__GGB47174,GGB47174,,True,Absent in MiaGB; MiaGB value padded with 0
alz_only_padded_in_miagb,k__Bacteria|p__Firmicutes|c__CFGB1780|o__OFGB1780|f__FGB1780|g__GGB4722,GGB4722,,True,Absent in MiaGB; MiaGB value padded with 0
alz_only_padded_in_miagb,k__Bacteria|p__Firmicutes|c__CFGB1780|o__OFGB1780|f__FGB1780|g__GGB4723,GGB4723,,True,Absent in MiaGB; MiaGB value padded with 0
alz_only_padded_in_miagb,k__Bacteria|p__Firmicutes|c__CFGB9119|o__OFGB9119|f__FGB9119|g__GGB4726,GGB4726,,True,Absent in MiaGB; MiaGB value padded with 0
alz_only_padded_in_miagb,k__Bacteria|p__Firmicutes|c__CFGB9119|o__OFGB9119|f__FGB9119|g__GGB4727,GGB4727,,True,Absent in MiaGB; MiaGB value padded with 0
alz_only_padded_in_miagb,k__Bacteria|p__Firmicutes|c__CFGB9119|o__OFGB9119|f__FGB9119|g__GGB4729,GGB4729,,True,Absent in MiaGB; MiaGB value padded with 0
alz_only_padded_in_miagb,k__Bacteria|p__Firmicutes|c__CFGB1785|o__OFGB1785|f__FGB1785|g__GGB4738,GGB4738,,True,Absent in MiaGB; MiaGB value padded with 0
alz_only_padded_in_miagb,k__Bacteria|p__Firmicutes|c__CFGB1785|o__OFGB1785|f__FGB1785|g__GGB4739,GGB4739,,True,Absent in MiaGB; MiaGB value padded with 0
alz_only_padded_in_miagb,k__Bacteria|p__Tenericutes|c__CFGB1787|o__OFGB1787|f__FGB1787|g__GGB4745,GGB4745,,True,Absent in MiaGB; MiaGB value padded with 0
alz_only_padded_in_miagb,k__Bacteria|p__Tenericutes|c__CFGB4862|o__OFGB4862|f__FGB4862|g__GGB4748,GGB4748,,True,Absent in MiaGB; MiaGB value padded with 0
alz_only_padded_in_miagb,k__Bacteria|p__Tenericutes|c__CFGB1787|o__OFGB1787|f__FGB1787|g__GGB4749,GGB4749,,True,Absent in MiaGB; MiaGB value padded with 0
alz_only_padded_in_miagb,k__Bacteria|p__Tenericutes|c__CFGB1787|o__OFGB1787|f__FGB1787|g__GGB4750,GGB4750,,True,Absent in MiaGB; MiaGB value padded with 0
alz_only_padded_in_miagb,k__Bacteria|p__Tenericutes|c__CFGB79093|o__OFGB79093|f__FGB79093|g__GGB4751,GGB4751,,True,Absent in MiaGB; MiaGB value padded with 0
alz_only_padded_in_miagb,k__Bacteria|p__Tenericutes|c__CFGB1789|o__OFGB1789|f__FGB1789|g__GGB4754,GGB4754,,True,Absent in MiaGB; MiaGB value padded with 0
alz_only_padded_in_miagb,k__Bacteria|p__Firmicutes|c__CFGB1798|o__OFGB1798|f__FGB1798|g__GGB4768,GGB4768,,True,Absent in MiaGB; MiaGB value padded with 0
alz_only_padded_in_miagb,k__Bacteria|p__Bacteroidota|c__CFGB1670|o__OFGB1670|f__FGB1670|g__GGB47687,GGB47687,,True,Absent in MiaGB; MiaGB value padded with 0
alz_only_padded_in_miagb,k__Bacteria|p__Firmicutes|c__CFGB1798|o__OFGB1798|f__FGB1798|g__GGB4769,GGB4769,,True,Absent in MiaGB; MiaGB value padded with 0
alz_only_padded_in_miagb,k__Bacteria|p__Tenericutes|c__CFGB1800|o__OFGB1800|f__FGB1800|g__GGB4771,GGB4771,,True,Absent in MiaGB; MiaGB value padded with 0
alz_only_padded_in_miagb,k__Bacteria|p__Firmicutes|c__CFGB77220|o__OFGB77220|f__FGB77220|g__GGB4773,GGB4773,,True,Absent in MiaGB; MiaGB value padded with 0
alz_only_padded_in_miagb,k__Bacteria|p__Firmicutes|c__CFGB77220|o__OFGB77220|f__FGB77220|g__GGB4774,GGB4774,,True,Absent in MiaGB; MiaGB value padded with 0
alz_only_padded_in_miagb,k__Bacteria|p__Firmicutes|c__CFGB4761|o__OFGB4761|f__FGB4761|g__GGB4780,GGB4780,,True,Absent in MiaGB; MiaGB value padded with 0
alz_only_padded_in_miagb,k__Bacteria|p__Firmicutes|c__CFGB1814|o__OFGB1814|f__FGB1814|g__GGB4802,GGB4802,,True,Absent in MiaGB; MiaGB value padded with 0
alz_only_padded_in_miagb,k__Bacteria|p__Firmicutes|c__CFGB10021|o__OFGB10021|f__FGB10021|g__GGB48148,GGB48148,,True,Absent in MiaGB; MiaGB value padded with 0
alz_only_padded_in_miagb,k__Bacteria|p__Firmicutes|c__CFGB45503|o__OFGB45503|f__FGB45503|g__GGB48165,GGB48165,,True,Absent in MiaGB; MiaGB value padded with 0
alz_only_padded_in_miagb,k__Bacteria|p__Firmicutes|c__Clostridia|o__Eubacteriales|f__Eubacteriales_unclassified|g__GGB48168,GGB48168,,True,Absent in MiaGB; MiaGB value padded with 0
alz_only_padded_in_miagb,k__Bacteria|p__Firmicutes|c__Clostridia|o__Eubacteriales|f__Eubacteriales_unclassified|g__GGB48169,GGB48169,,True,Absent in MiaGB; MiaGB value padded with 0
alz_only_padded_in_miagb,k__Bacteria|p__Firmicutes|c__CFGB1838|o__OFGB1838|f__FGB1838|g__GGB4884,GGB4884,,True,Absent in MiaGB; MiaGB value padded with 0
alz_only_padded_in_miagb,k__Bacteria|p__Firmicutes|c__Erysipelotrichia|o__Erysipelotrichales|f__Erysipelotrichaceae|g__GGB4888,GGB4888,,True,Absent in MiaGB; MiaGB value padded with 0
alz_only_padded_in_miagb,k__Bacteria|p__Firmicutes|c__CFGB16911|o__OFGB16911|f__FGB16911|g__GGB49418,GGB49418,,True,Absent in MiaGB; MiaGB value padded with 0
alz_only_padded_in_miagb,k__Bacteria|p__Firmicutes|c__CFGB1872|o__OFGB1872|f__FGB1872|g__GGB4964,GGB4964,,True,Absent in MiaGB; MiaGB value padded with 0
alz_only_padded_in_miagb,k__Bacteria|p__Firmicutes|c__CFGB77540|o__OFGB77540|f__FGB77540|g__GGB4978,GGB4978,,True,Absent in MiaGB; MiaGB value padded with 0
alz_only_padded_in_miagb,k__Bacteria|p__Firmicutes|c__Clostridia|o__Eubacteriales|f__Peptostreptococcaceae|g__GGB50802,GGB50802,,True,Absent in MiaGB; MiaGB value padded with 0
alz_only_padded_in_miagb,k__Bacteria|p__Firmicutes|c__CFGB77566|o__OFGB77566|f__FGB77566|g__GGB51139,GGB51139,,True,Absent in MiaGB; MiaGB value padded with 0
alz_only_padded_in_miagb,k__Bacteria|p__Firmicutes|c__CFGB1474|o__OFGB1474|f__FGB1474|g__GGB51269,GGB51269,,True,Absent in MiaGB; MiaGB value padded with 0
alz_only_padded_in_miagb,k__Bacteria|p__Firmicutes|c__Clostridia|o__Eubacteriales|f__Lachnospiraceae|g__GGB51441,GGB51441,,True,Absent in MiaGB; MiaGB value padded with 0
alz_only_padded_in_miagb,k__Bacteria|p__Firmicutes|c__Clostridia|o__Eubacteriales|f__Clostridiaceae|g__GGB51454,GGB51454,,True,Absent in MiaGB; MiaGB value padded with 0
alz_only_padded_in_miagb,k__Bacteria|p__Firmicutes|c__CFGB4806|o__OFGB4806|f__FGB4806|g__GGB51647,GGB51647,,True,Absent in MiaGB; MiaGB value padded with 0
alz_only_padded_in_miagb,k__Bacteria|p__Firmicutes|c__CFGB1333|o__OFGB1333|f__FGB1333|g__GGB51658,GGB51658,,True,Absent in MiaGB; MiaGB value padded with 0
alz_only_padded_in_miagb,k__Bacteria|p__Firmicutes|c__CFGB32970|o__OFGB32970|f__FGB32970|g__GGB51884,GGB51884,,True,Absent in MiaGB; MiaGB value padded with 0
alz_only_padded_in_miagb,k__Bacteria|p__Actinobacteria|c__Coriobacteriia|o__Coriobacteriales|f__Coriobacteriaceae|g__GGB51959,GGB51959,,True,Absent in MiaGB; MiaGB value padded with 0
alz_only_padded_in_miagb,k__Bacteria|p__Actinobacteria|c__Coriobacteriia|o__Coriobacteriales|f__Coriobacteriaceae|g__GGB51960,GGB51960,,True,Absent in MiaGB; MiaGB value padded with 0
alz_only_padded_in_miagb,k__Bacteria|p__Firmicutes|c__Firmicutes_unclassified|o__Firmicutes_unclassified|f__Firmicutes_unclassified|g__GGB52002,GGB52002,,True,Absent in MiaGB; MiaGB value padded with 0
alz_only_padded_in_miagb,k__Bacteria|p__Firmicutes|c__CFGB30328|o__OFGB30328|f__FGB30328|g__GGB52106,GGB52106,,True,Absent in MiaGB; MiaGB value padded with 0
alz_only_padded_in_miagb,k__Bacteria|p__Firmicutes|c__CFGB3047|o__OFGB3047|f__FGB3047|g__GGB52130,GGB52130,,True,Absent in MiaGB; MiaGB value padded with 0
alz_only_padded_in_miagb,k__Bacteria|p__Firmicutes|c__CFGB3072|o__OFGB3072|f__FGB3072|g__GGB52283,GGB52283,,True,Absent in MiaGB; MiaGB value padded with 0
alz_only_padded_in_miagb,k__Bacteria|p__Firmicutes|c__CFGB2978|o__OFGB2978|f__FGB2978|g__GGB52306,GGB52306,,True,Absent in MiaGB; MiaGB value padded with 0
alz_only_padded_in_miagb,k__Bacteria|p__Proteobacteria|c__Deltaproteobacteria|o__Desulfovibrionales|f__Desulfovibrionaceae|g__GGB52382,GGB52382,,True,Absent in MiaGB; MiaGB value padded with 0
alz_only_padded_in_miagb,k__Bacteria|p__Verrucomicrobia|c__Opitutae|o__Puniceicoccales|f__Puniceicoccaceae|g__GGB52930,GGB52930,,True,Absent in MiaGB; MiaGB value padded with 0
alz_only_padded_in_miagb,k__Bacteria|p__Firmicutes|c__CFGB77527|o__OFGB77527|f__FGB77527|g__GGB53007,GGB53007,,True,Absent in MiaGB; MiaGB value padded with 0
alz_only_padded_in_miagb,k__Bacteria|p__Firmicutes|c__CFGB52309|o__OFGB52309|f__FGB52309|g__GGB53380,GGB53380,,True,Absent in MiaGB; MiaGB value padded with 0
alz_only_padded_in_miagb,k__Bacteria|p__Firmicutes|c__Clostridia|o__Eubacteriales|f__Lachnospiraceae|g__GGB55957,GGB55957,,True,Absent in MiaGB; MiaGB value padded with 0
alz_only_padded_in_miagb,k__Bacteria|p__Firmicutes|c__Clostridia|o__Eubacteriales|f__Lachnospiraceae|g__GGB58067,GGB58067,,True,Absent in MiaGB; MiaGB value padded with 0
alz_only_padded_in_miagb,k__Bacteria|p__Firmicutes|c__Clostridia|o__Eubacteriales|f__Lachnospiraceae|g__GGB58071,GGB58071,,True,Absent in MiaGB; MiaGB value padded with 0
alz_only_padded_in_miagb,k__Bacteria|p__Firmicutes|c__CFGB3004|o__OFGB3004|f__FGB3004|g__GGB58158,GGB58158,,True,Absent in MiaGB; MiaGB value padded with 0
alz_only_padded_in_miagb,k__Bacteria|p__Firmicutes|c__CFGB45628|o__OFGB45628|f__FGB45628|g__GGB58233,GGB58233,,True,Absent in MiaGB; MiaGB value padded with 0
alz_only_padded_in_miagb,k__Bacteria|p__Firmicutes|c__CFGB1226|o__OFGB1226|f__FGB1226|g__GGB58485,GGB58485,,True,Absent in MiaGB; MiaGB value padded with 0
alz_only_padded_in_miagb,k__Bacteria|p__Candidatus_Melainabacteria|c__CFGB2102|o__OFGB2102|f__FGB2102|g__GGB5973,GGB5973,,True,Absent in MiaGB; MiaGB value padded with 0
alz_only_padded_in_miagb,k__Bacteria|p__Candidatus_Melainabacteria|c__CFGB10197|o__OFGB10197|f__FGB10197|g__GGB5975,GGB5975,,True,Absent in MiaGB; MiaGB value padded with 0
alz_only_padded_in_miagb,k__Bacteria|p__Candidatus_Melainabacteria|c__CFGB2106|o__OFGB2106|f__FGB2106|g__GGB5979,GGB5979,,True,Absent in MiaGB; MiaGB value padded with 0
alz_only_padded_in_miagb,k__Bacteria|p__Candidatus_Melainabacteria|c__CFGB2106|o__OFGB2106|f__FGB2106|g__GGB5980,GGB5980,,True,Absent in MiaGB; MiaGB value padded with 0
alz_only_padded_in_miagb,k__Bacteria|p__Candidatus_Melainabacteria|c__CFGB78991|o__OFGB78991|f__FGB78991|g__GGB5988,GGB5988,,True,Absent in MiaGB; MiaGB value padded with 0
alz_only_padded_in_miagb,k__Bacteria|p__Candidatus_Melainabacteria|c__CFGB2104|o__OFGB2104|f__FGB2104|g__GGB5994,GGB5994,,True,Absent in MiaGB; MiaGB value padded with 0
alz_only_padded_in_miagb,k__Bacteria|p__Candidatus_Melainabacteria|c__CFGB2107|o__OFGB2107|f__FGB2107|g__GGB5997,GGB5997,,True,Absent in MiaGB; MiaGB value padded with 0
alz_only_padded_in_miagb,k__Bacteria|p__Candidatus_Melainabacteria|c__CFGB2107|o__OFGB2107|f__FGB2107|g__GGB5998,GGB5998,,True,Absent in MiaGB; MiaGB value padded with 0
alz_only_padded_in_miagb,k__Bacteria|p__Candidatus_Melainabacteria|c__CFGB2107|o__OFGB2107|f__FGB2107|g__GGB6001,GGB6001,,True,Absent in MiaGB; MiaGB value padded with 0
alz_only_padded_in_miagb,k__Bacteria|p__Candidatus_Melainabacteria|c__CFGB2107|o__OFGB2107|f__FGB2107|g__GGB6002,GGB6002,,True,Absent in MiaGB; MiaGB value padded with 0
alz_only_padded_in_miagb,k__Bacteria|p__Candidatus_Melainabacteria|c__CFGB2107|o__OFGB2107|f__FGB2107|g__GGB6005,GGB6005,,True,Absent in MiaGB; MiaGB value padded with 0
alz_only_padded_in_miagb,k__Bacteria|p__Candidatus_Melainabacteria|c__CFGB2107|o__OFGB2107|f__FGB2107|g__GGB6006,GGB6006,,True,Absent in MiaGB; MiaGB value padded with 0
alz_only_padded_in_miagb,k__Bacteria|p__Candidatus_Melainabacteria|c__CFGB2107|o__OFGB2107|f__FGB2107|g__GGB6007,GGB6007,,True,Absent in MiaGB; MiaGB value padded with 0
alz_only_padded_in_miagb,k__Bacteria|p__Candidatus_Melainabacteria|c__CFGB2107|o__OFGB2107|f__FGB2107|g__GGB6010,GGB6010,,True,Absent in MiaGB; MiaGB value padded with 0
alz_only_padded_in_miagb,k__Bacteria|p__Candidatus_Melainabacteria|c__CFGB2107|o__OFGB2107|f__FGB2107|g__GGB6011,GGB6011,,True,Absent in MiaGB; MiaGB value padded with 0
alz_only_padded_in_miagb,k__Bacteria|p__Candidatus_Melainabacteria|c__CFGB2107|o__OFGB2107|f__FGB2107|g__GGB6012,GGB6012,,True,Absent in MiaGB; MiaGB value padded with 0
alz_only_padded_in_miagb,k__Bacteria|p__Candidatus_Melainabacteria|c__CFGB2107|o__OFGB2107|f__FGB2107|g__GGB6013,GGB6013,,True,Absent in MiaGB; MiaGB value padded with 0
alz_only_padded_in_miagb,k__Bacteria|p__Candidatus_Melainabacteria|c__CFGB2107|o__OFGB2107|f__FGB2107|g__GGB6015,GGB6015,,True,Absent in MiaGB; MiaGB value padded with 0
alz_only_padded_in_miagb,k__Bacteria|p__Candidatus_Melainabacteria|c__CFGB2107|o__OFGB2107|f__FGB2107|g__GGB6016,GGB6016,,True,Absent in MiaGB; MiaGB value padded with 0
alz_only_padded_in_miagb,k__Bacteria|p__Candidatus_Melainabacteria|c__CFGB2107|o__OFGB2107|f__FGB2107|g__GGB6019,GGB6019,,True,Absent in MiaGB; MiaGB value padded with 0
alz_only_padded_in_miagb,k__Bacteria|p__Candidatus_Melainabacteria|c__CFGB2107|o__OFGB2107|f__FGB2107|g__GGB6020,GGB6020,,True,Absent in MiaGB; MiaGB value padded with 0
alz_only_padded_in_miagb,k__Bacteria|p__Firmicutes|c__CFGB2131|o__OFGB2131|f__FGB2131|g__GGB6074,GGB6074,,True,Absent in MiaGB; MiaGB value padded with 0
alz_only_padded_in_miagb,k__Bacteria|p__Verrucomicrobia|c__Opitutae|o__Puniceicoccales|f__Puniceicoccaceae|g__GGB6123,GGB6123,,True,Absent in MiaGB; MiaGB value padded with 0
alz_only_padded_in_miagb,k__Bacteria|p__Verrucomicrobia|c__Opitutae|o__Puniceicoccales|f__Puniceicoccaceae|g__GGB6127,GGB6127,,True,Absent in MiaGB; MiaGB value padded with 0
alz_only_padded_in_miagb,k__Bacteria|p__Verrucomicrobia|c__Opitutae|o__Puniceicoccales|f__Puniceicoccaceae|g__GGB6128,GGB6128,,True,Absent in MiaGB; MiaGB value padded with 0
alz_only_padded_in_miagb,k__Bacteria|p__Verrucomicrobia|c__Opitutae|o__Puniceicoccales|f__Puniceicoccaceae|g__GGB6129,GGB6129,,True,Absent in MiaGB; MiaGB value padded with 0
alz_only_padded_in_miagb,k__Bacteria|p__Verrucomicrobia|c__CFGB2164|o__OFGB2164|f__FGB2164|g__GGB6132,GGB6132,,True,Absent in MiaGB; MiaGB value padded with 0
alz_only_padded_in_miagb,k__Bacteria|p__Verrucomicrobia|c__CFGB2165|o__OFGB2165|f__FGB2165|g__GGB6133,GGB6133,,True,Absent in MiaGB; MiaGB value padded with 0
alz_only_padded_in_miagb,k__Bacteria|p__Verrucomicrobia|c__CFGB2165|o__OFGB2165|f__FGB2165|g__GGB6134,GGB6134,,True,Absent in MiaGB; MiaGB value padded with 0
alz_only_padded_in_miagb,k__Bacteria|p__Lentisphaerae|c__CFGB2345|o__OFGB2345|f__FGB2345|g__GGB6470,GGB6470,,True,Absent in MiaGB; MiaGB value padded with 0
alz_only_padded_in_miagb,k__Bacteria|p__Lentisphaerae|c__Lentisphaeria|o__Victivallales|f__Victivallaceae|g__GGB6512,GGB6512,,True,Absent in MiaGB; MiaGB value padded with 0
alz_only_padded_in_miagb,k__Bacteria|p__Lentisphaerae|c__Lentisphaeria|o__Victivallales|f__Victivallaceae|g__GGB6513,GGB6513,,True,Absent in MiaGB; MiaGB value padded with 0
alz_only_padded_in_miagb,k__Bacteria|p__Lentisphaerae|c__CFGB2378|o__OFGB2378|f__FGB2378|g__GGB6518,GGB6518,,True,Absent in MiaGB; MiaGB value padded with 0
alz_only_padded_in_miagb,k__Bacteria|p__Lentisphaerae|c__CFGB2378|o__OFGB2378|f__FGB2378|g__GGB6519,GGB6519,,True,Absent in MiaGB; MiaGB value padded with 0
alz_only_padded_in_miagb,k__Bacteria|p__Lentisphaerae|c__CFGB2378|o__OFGB2378|f__FGB2378|g__GGB6520,GGB6520,,True,Absent in MiaGB; MiaGB value padded with 0
alz_only_padded_in_miagb,k__Bacteria|p__Lentisphaerae|c__CFGB2378|o__OFGB2378|f__FGB2378|g__GGB6521,GGB6521,,True,Absent in MiaGB; MiaGB value padded with 0
alz_only_padded_in_miagb,k__Bacteria|p__Lentisphaerae|c__CFGB2378|o__OFGB2378|f__FGB2378|g__GGB6522,GGB6522,,True,Absent in MiaGB; MiaGB value padded with 0
alz_only_padded_in_miagb,k__Bacteria|p__Verrucomicrobia|c__CFGB24796|o__OFGB24796|f__FGB24796|g__GGB6528,GGB6528,,True,Absent in MiaGB; MiaGB value padded with 0
alz_only_padded_in_miagb,k__Bacteria|p__Proteobacteria|c__CFGB2394|o__OFGB2394|f__FGB2394|g__GGB6544,GGB6544,,True,Absent in MiaGB; MiaGB value padded with 0
alz_only_padded_in_miagb,k__Bacteria|p__Proteobacteria|c__Betaproteobacteria|o__Burkholderiales|f__Sutterellaceae|g__GGB6546,GGB6546,,True,Absent in MiaGB; MiaGB value padded with 0
alz_only_padded_in_miagb,k__Bacteria|p__Proteobacteria|c__Betaproteobacteria|o__Burkholderiales|f__Sutterellaceae|g__GGB6565,GGB6565,,True,Absent in MiaGB; MiaGB value padded with 0
alz_only_padded_in_miagb,k__Bacteria|p__Proteobacteria|c__Betaproteobacteria|o__Burkholderiales|f__Sutterellaceae|g__GGB6566,GGB6566,,True,Absent in MiaGB; MiaGB value padded with 0
alz_only_padded_in_miagb,k__Bacteria|p__Proteobacteria|c__Betaproteobacteria|o__Burkholderiales|f__Sutterellaceae|g__GGB6568,GGB6568,,True,Absent in MiaGB; MiaGB value padded with 0
alz_only_padded_in_miagb,k__Bacteria|p__Proteobacteria|c__Betaproteobacteria|o__Burkholderiales|f__Sutterellaceae|g__GGB6572,GGB6572,,True,Absent in MiaGB; MiaGB value padded with 0
alz_only_padded_in_miagb,k__Bacteria|p__Proteobacteria|c__Betaproteobacteria|o__Burkholderiales|f__Sutterellaceae|g__GGB6574,GGB6574,,True,Absent in MiaGB; MiaGB value padded with 0
alz_only_padded_in_miagb,k__Bacteria|p__Proteobacteria|c__CFGB2401|o__OFGB2401|f__FGB2401|g__GGB6585,GGB6585,,True,Absent in MiaGB; MiaGB value padded with 0
alz_only_padded_in_miagb,k__Bacteria|p__Proteobacteria|c__CFGB2401|o__OFGB2401|f__FGB2401|g__GGB6586,GGB6586,,True,Absent in MiaGB; MiaGB value padded with 0
alz_only_padded_in_miagb,k__Bacteria|p__Proteobacteria|c__CFGB8587|o__OFGB8587|f__FGB8587|g__GGB6593,GGB6593,,True,Absent in MiaGB; MiaGB value padded with 0
alz_only_padded_in_miagb,k__Bacteria|p__Firmicutes|c__CFGB6280|o__OFGB6280|f__FGB6280|g__GGB6600,GGB6600,,True,Absent in MiaGB; MiaGB value padded with 0
alz_only_padded_in_miagb,k__Bacteria|p__Proteobacteria|c__CFGB2403|o__OFGB2403|f__FGB2403|g__GGB6601,GGB6601,,True,Absent in MiaGB; MiaGB value padded with 0
alz_only_padded_in_miagb,k__Bacteria|p__Proteobacteria|c__CFGB10055|o__OFGB10055|f__FGB10055|g__GGB6606,GGB6606,,True,Absent in MiaGB; MiaGB value padded with 0
alz_only_padded_in_miagb,k__Bacteria|p__Proteobacteria|c__CFGB2404|o__OFGB2404|f__FGB2404|g__GGB6608,GGB6608,,True,Absent in MiaGB; MiaGB value padded with 0
alz_only_padded_in_miagb,k__Bacteria|p__Proteobacteria|c__CFGB2404|o__OFGB2404|f__FGB2404|g__GGB6609,GGB6609,,True,Absent in MiaGB; MiaGB value padded with 0
alz_only_padded_in_miagb,k__Bacteria|p__Proteobacteria|c__CFGB2404|o__OFGB2404|f__FGB2404|g__GGB6610,GGB6610,,True,Absent in MiaGB; MiaGB value padded with 0
alz_only_padded_in_miagb,k__Bacteria|p__Proteobacteria|c__CFGB2874|o__OFGB2874|f__FGB2874|g__GGB6611,GGB6611,,True,Absent in MiaGB; MiaGB value padded with 0
alz_only_padded_in_miagb,k__Bacteria|p__Proteobacteria|c__CFGB2404|o__OFGB2404|f__FGB2404|g__GGB6612,GGB6612,,True,Absent in MiaGB; MiaGB value padded with 0
alz_only_padded_in_miagb,k__Bacteria|p__Proteobacteria|c__CFGB2404|o__OFGB2404|f__FGB2404|g__GGB6613,GGB6613,,True,Absent in MiaGB; MiaGB value padded with 0
alz_only_padded_in_miagb,k__Bacteria|p__Proteobacteria|c__CFGB2404|o__OFGB2404|f__FGB2404|g__GGB6614,GGB6614,,True,Absent in MiaGB; MiaGB value padded with 0
alz_only_padded_in_miagb,k__Bacteria|p__Proteobacteria|c__Betaproteobacteria|o__Burkholderiales|f__Oxalobacteraceae|g__GGB6648,GGB6648,,True,Absent in MiaGB; MiaGB value padded with 0
alz_only_padded_in_miagb,k__Bacteria|p__Proteobacteria|c__Betaproteobacteria|o__Burkholderiales|f__Oxalobacteraceae|g__GGB6649,GGB6649,,True,Absent in MiaGB; MiaGB value padded with 0
alz_only_padded_in_miagb,k__Bacteria|p__Actinobacteria|c__CFGB77153|o__OFGB77153|f__FGB77153|g__GGB70521,GGB70521,,True,Absent in MiaGB; MiaGB value padded with 0
alz_only_padded_in_miagb,k__Bacteria|p__Bacteroidota|c__Bacteroidia|o__Bacteroidales|f__Muribaculaceae|g__GGB70869,GGB70869,,True,Absent in MiaGB; MiaGB value padded with 0
alz_only_padded_in_miagb,k__Bacteria|p__Firmicutes|c__CFGB45555|o__OFGB45555|f__FGB45555|g__GGB71575,GGB71575,,True,Absent in MiaGB; MiaGB value padded with 0
alz_only_padded_in_miagb,k__Bacteria|p__Firmicutes|c__CFGB10021|o__OFGB10021|f__FGB10021|g__GGB71580,GGB71580,,True,Absent in MiaGB; MiaGB value padded with 0
alz_only_padded_in_miagb,k__Bacteria|p__Firmicutes|c__CFGB320|o__OFGB320|f__FGB320|g__GGB741,GGB741,,True,Absent in MiaGB; MiaGB value padded with 0
alz_only_padded_in_miagb,k__Bacteria|p__Firmicutes|c__CFGB1258|o__OFGB1258|f__FGB1258|g__GGB74220,GGB74220,,True,Absent in MiaGB; MiaGB value padded with 0
alz_only_padded_in_miagb,k__Bacteria|p__Bacteroidota|c__Bacteroidia|o__Bacteroidales|f__Prevotellaceae|g__GGB74447,GGB74447,,True,Absent in MiaGB; MiaGB value padded with 0
alz_only_padded_in_miagb,k__Bacteria|p__Firmicutes|c__CFGB9238|o__OFGB9238|f__FGB9238|g__GGB74463,GGB74463,,True,Absent in MiaGB; MiaGB value padded with 0
alz_only_padded_in_miagb,k__Bacteria|p__Firmicutes|c__Clostridia|o__Eubacteriales|f__Lachnospiraceae|g__GGB74505,GGB74505,,True,Absent in MiaGB; MiaGB value padded with 0
alz_only_padded_in_miagb,k__Bacteria|p__Firmicutes|c__CFGB72939|o__OFGB72939|f__FGB72939|g__GGB74511,GGB74511,,True,Absent in MiaGB; MiaGB value padded with 0
alz_only_padded_in_miagb,k__Bacteria|p__Bacteroidota|c__Bacteroidia|o__Bacteroidales|f__Muribaculaceae|g__GGB74518,GGB74518,,True,Absent in MiaGB; MiaGB value padded with 0
alz_only_padded_in_miagb,k__Bacteria|p__Firmicutes|c__CFGB2833|o__OFGB2833|f__FGB2833|g__GGB74665,GGB74665,,True,Absent in MiaGB; MiaGB value padded with 0
alz_only_padded_in_miagb,k__Bacteria|p__Firmicutes|c__CFGB9512|o__OFGB9512|f__FGB9512|g__GGB74700,GGB74700,,True,Absent in MiaGB; MiaGB value padded with 0
alz_only_padded_in_miagb,k__Bacteria|p__Firmicutes|c__CFGB9512|o__OFGB9512|f__FGB9512|g__GGB74701,GGB74701,,True,Absent in MiaGB; MiaGB value padded with 0
alz_only_padded_in_miagb,k__Bacteria|p__Firmicutes|c__CFGB2834|o__OFGB2834|f__FGB2834|g__GGB74703,GGB74703,,True,Absent in MiaGB; MiaGB value padded with 0
alz_only_padded_in_miagb,k__Bacteria|p__Firmicutes|c__Clostridia|o__Candidatus_Borkfalkiales|f__Candidatus_Borkfalkiaceae|g__GGB74708,GGB74708,,True,Absent in MiaGB; MiaGB value padded with 0
alz_only_padded_in_miagb,k__Bacteria|p__Firmicutes|c__CFGB11257|o__OFGB11257|f__FGB11257|g__GGB74802,GGB74802,,True,Absent in MiaGB; MiaGB value padded with 0
alz_only_padded_in_miagb,k__Bacteria|p__Firmicutes|c__CFGB4616|o__OFGB4616|f__FGB4616|g__GGB74818,GGB74818,,True,Absent in MiaGB; MiaGB value padded with 0
alz_only_padded_in_miagb,k__Bacteria|p__Firmicutes|c__CFGB1304|o__OFGB1304|f__FGB1304|g__GGB74827,GGB74827,,True,Absent in MiaGB; MiaGB value padded with 0
alz_only_padded_in_miagb,k__Bacteria|p__Firmicutes|c__CFGB1328|o__OFGB1328|f__FGB1328|g__GGB75022,GGB75022,,True,Absent in MiaGB; MiaGB value padded with 0
alz_only_padded_in_miagb,k__Bacteria|p__Firmicutes|c__CFGB78608|o__OFGB78608|f__FGB78608|g__GGB75029,GGB75029,,True,Absent in MiaGB; MiaGB value padded with 0
alz_only_padded_in_miagb,k__Bacteria|p__Firmicutes|c__CFGB1227|o__OFGB1227|f__FGB1227|g__GGB75036,GGB75036,,True,Absent in MiaGB; MiaGB value padded with 0
alz_only_padded_in_miagb,k__Bacteria|p__Firmicutes|c__CFGB330|o__OFGB330|f__FGB330|g__GGB756,GGB756,,True,Absent in MiaGB; MiaGB value padded with 0
alz_only_padded_in_miagb,k__Bacteria|p__Firmicutes|c__CFGB332|o__OFGB332|f__FGB332|g__GGB759,GGB759,,True,Absent in MiaGB; MiaGB value padded with 0
alz_only_padded_in_miagb,k__Bacteria|p__Firmicutes|c__CFGB337|o__OFGB337|f__FGB337|g__GGB765,GGB765,,True,Absent in MiaGB; MiaGB value padded with 0
alz_only_padded_in_miagb,k__Archaea|p__Euryarchaeota|c__Methanomicrobia|o__Methanomicrobiales|f__Methanocorpusculaceae|g__GGB77341,GGB77341,,True,Absent in MiaGB; MiaGB value padded with 0
alz_only_padded_in_miagb,k__Bacteria|p__Firmicutes|c__CFGB342|o__OFGB342|f__FGB342|g__GGB779,GGB779,,True,Absent in MiaGB; MiaGB value padded with 0
alz_only_padded_in_miagb,k__Bacteria|p__Bacteroidota|c__CFGB343|o__OFGB343|f__FGB343|g__GGB781,GGB781,,True,Absent in MiaGB; MiaGB value padded with 0
alz_only_padded_in_miagb,k__Bacteria|p__Firmicutes|c__CFGB75497|o__OFGB75497|f__FGB75497|g__GGB78706,GGB78706,,True,Absent in MiaGB; MiaGB value padded with 0
alz_only_padded_in_miagb,k__Bacteria|p__Firmicutes|c__CFGB1765|o__OFGB1765|f__FGB1765|g__GGB78781,GGB78781,,True,Absent in MiaGB; MiaGB value padded with 0
alz_only_padded_in_miagb,k__Bacteria|p__Firmicutes|c__CFGB1363|o__OFGB1363|f__FGB1363|g__GGB78970,GGB78970,,True,Absent in MiaGB; MiaGB value padded with 0
alz_only_padded_in_miagb,k__Bacteria|p__Firmicutes|c__CFGB38703|o__OFGB38703|f__FGB38703|g__GGB79050,GGB79050,,True,Absent in MiaGB; MiaGB value padded with 0
alz_only_padded_in_miagb,k__Bacteria|p__Firmicutes|c__CFGB3072|o__OFGB3072|f__FGB3072|g__GGB79087,GGB79087,,True,Absent in MiaGB; MiaGB value padded with 0
alz_only_padded_in_miagb,k__Bacteria|p__Bacteria_unclassified|c__Bacteria_unclassified|o__Bacteria_unclassified|f__Bacteria_unclassified|g__GGB79097,GGB79097,,True,Absent in MiaGB; MiaGB value padded with 0
alz_only_padded_in_miagb,k__Bacteria|p__Firmicutes|c__Clostridia|o__Eubacteriales|f__Oscillospiraceae|g__GGB79104,GGB79104,,True,Absent in MiaGB; MiaGB value padded with 0
alz_only_padded_in_miagb,k__Bacteria|p__Firmicutes|c__Clostridia|o__Eubacteriales|f__Oscillospiraceae|g__GGB79118,GGB79118,,True,Absent in MiaGB; MiaGB value padded with 0
alz_only_padded_in_miagb,k__Bacteria|p__Firmicutes|c__Clostridia|o__Eubacteriales|f__Oscillospiraceae|g__GGB79121,GGB79121,,True,Absent in MiaGB; MiaGB value padded with 0
alz_only_padded_in_miagb,k__Bacteria|p__Firmicutes|c__CFGB4605|o__OFGB4605|f__FGB4605|g__GGB79229,GGB79229,,True,Absent in MiaGB; MiaGB value padded with 0
alz_only_padded_in_miagb,k__Bacteria|p__Firmicutes|c__Clostridia|o__Eubacteriales|f__Clostridiaceae|g__GGB79342,GGB79342,,True,Absent in MiaGB; MiaGB value padded with 0
alz_only_padded_in_miagb,k__Bacteria|p__Firmicutes|c__Clostridia|o__Eubacteriales|f__Lachnospiraceae|g__GGB79384,GGB79384,,True,Absent in MiaGB; MiaGB value padded with 0
alz_only_padded_in_miagb,k__Bacteria|p__Firmicutes|c__Clostridia|o__Eubacteriales|f__Lachnospiraceae|g__GGB79394,GGB79394,,True,Absent in MiaGB; MiaGB value padded with 0
alz_only_padded_in_miagb,k__Bacteria|p__Firmicutes|c__Clostridia|o__Clostridia_unclassified|f__Clostridia_unclassified|g__GGB79395,GGB79395,,True,Absent in MiaGB; MiaGB value padded with 0
alz_only_padded_in_miagb,k__Bacteria|p__Firmicutes|c__Clostridia|o__Eubacteriales|f__Clostridiaceae|g__GGB79417,GGB79417,,True,Absent in MiaGB; MiaGB value padded with 0
alz_only_padded_in_miagb,k__Bacteria|p__Firmicutes|c__CFGB75783|o__OFGB75783|f__FGB75783|g__GGB79420,GGB79420,,True,Absent in MiaGB; MiaGB value padded with 0
alz_only_padded_in_miagb,k__Bacteria|p__Firmicutes|c__Clostridia|o__Eubacteriales|f__Lachnospiraceae|g__GGB81342,GGB81342,,True,Absent in MiaGB; MiaGB value padded with 0
alz_only_padded_in_miagb,k__Bacteria|p__Firmicutes|c__CFGB2952|o__OFGB2952|f__FGB2952|g__GGB84235,GGB84235,,True,Absent in MiaGB; MiaGB value padded with 0
alz_only_padded_in_miagb,k__Bacteria|p__Firmicutes|c__CFGB10881|o__OFGB10881|f__FGB10881|g__GGB84348,GGB84348,,True,Absent in MiaGB; MiaGB value padded with 0
alz_only_padded_in_miagb,k__Bacteria|p__Firmicutes|c__CFGB2889|o__OFGB2889|f__FGB2889|g__GGB84917,GGB84917,,True,Absent in MiaGB; MiaGB value padded with 0
alz_only_padded_in_miagb,k__Bacteria|p__Firmicutes|c__CFGB1765|o__OFGB1765|f__FGB1765|g__GGB87334,GGB87334,,True,Absent in MiaGB; MiaGB value padded with 0
alz_only_padded_in_miagb,k__Bacteria|p__Firmicutes|c__CFGB79294|o__OFGB79294|f__FGB79294|g__GGB87445,GGB87445,,True,Absent in MiaGB; MiaGB value padded with 0
alz_only_padded_in_miagb,k__Bacteria|p__Actinobacteria|c__CFGB2801|o__OFGB2801|f__FGB2801|g__GGB8965,GGB8965,,True,Absent in MiaGB; MiaGB value padded with 0
alz_only_padded_in_miagb,k__Bacteria|p__Firmicutes|c__CFGB2829|o__OFGB2829|f__FGB2829|g__GGB9045,GGB9045,,True,Absent in MiaGB; MiaGB value padded with 0
alz_only_padded_in_miagb,k__Bacteria|p__Firmicutes|c__CFGB2830|o__OFGB2830|f__FGB2830|g__GGB9046,GGB9046,,True,Absent in MiaGB; MiaGB value padded with 0
alz_only_padded_in_miagb,k__Bacteria|p__Firmicutes|c__CFGB2830|o__OFGB2830|f__FGB2830|g__GGB9047,GGB9047,,True,Absent in MiaGB; MiaGB value padded with 0
alz_only_padded_in_miagb,k__Bacteria|p__Firmicutes|c__CFGB2831|o__OFGB2831|f__FGB2831|g__GGB9048,GGB9048,,True,Absent in MiaGB; MiaGB value padded with 0
alz_only_padded_in_miagb,k__Bacteria|p__Firmicutes|c__CFGB2831|o__OFGB2831|f__FGB2831|g__GGB9051,GGB9051,,True,Absent in MiaGB; MiaGB value padded with 0
alz_only_padded_in_miagb,k__Bacteria|p__Firmicutes|c__CFGB2831|o__OFGB2831|f__FGB2831|g__GGB9052,GGB9052,,True,Absent in MiaGB; MiaGB value padded with 0
alz_only_padded_in_miagb,k__Bacteria|p__Firmicutes|c__CFGB2833|o__OFGB2833|f__FGB2833|g__GGB9056,GGB9056,,True,Absent in MiaGB; MiaGB value padded with 0
alz_only_padded_in_miagb,k__Bacteria|p__Firmicutes|c__CFGB2833|o__OFGB2833|f__FGB2833|g__GGB9057,GGB9057,,True,Absent in MiaGB; MiaGB value padded with 0
alz_only_padded_in_miagb,k__Bacteria|p__Firmicutes|c__CFGB79253|o__OFGB79253|f__FGB79253|g__GGB9058,GGB9058,,True,Absent in MiaGB; MiaGB value padded with 0
alz_only_padded_in_miagb,k__Bacteria|p__Firmicutes|c__CFGB73062|o__OFGB73062|f__FGB73062|g__GGB9059,GGB9059,,True,Absent in MiaGB; MiaGB value padded with 0
alz_only_padded_in_miagb,k__Bacteria|p__Firmicutes|c__CFGB79237|o__OFGB79237|f__FGB79237|g__GGB9060,GGB9060,,True,Absent in MiaGB; MiaGB value padded with 0
alz_only_padded_in_miagb,k__Bacteria|p__Firmicutes|c__CFGB79237|o__OFGB79237|f__FGB79237|g__GGB9061,GGB9061,,True,Absent in MiaGB; MiaGB value padded with 0
alz_only_padded_in_miagb,k__Bacteria|p__Firmicutes|c__CFGB2834|o__OFGB2834|f__FGB2834|g__GGB9062,GGB9062,,True,Absent in MiaGB; MiaGB value padded with 0
alz_only_padded_in_miagb,k__Bacteria|p__Firmicutes|c__CFGB2834|o__OFGB2834|f__FGB2834|g__GGB9063,GGB9063,,True,Absent in MiaGB; MiaGB value padded with 0
alz_only_padded_in_miagb,k__Bacteria|p__Firmicutes|c__CFGB2834|o__OFGB2834|f__FGB2834|g__GGB9064,GGB9064,,True,Absent in MiaGB; MiaGB value padded with 0
alz_only_padded_in_miagb,k__Bacteria|p__Firmicutes|c__CFGB2834|o__OFGB2834|f__FGB2834|g__GGB9065,GGB9065,,True,Absent in MiaGB; MiaGB value padded with 0
alz_only_padded_in_miagb,k__Bacteria|p__Firmicutes|c__CFGB8331|o__OFGB8331|f__FGB8331|g__GGB9066,GGB9066,,True,Absent in MiaGB; MiaGB value padded with 0
alz_only_padded_in_miagb,k__Bacteria|p__Firmicutes|c__CFGB2836|o__OFGB2836|f__FGB2836|g__GGB9071,GGB9071,,True,Absent in MiaGB; MiaGB value padded with 0
alz_only_padded_in_miagb,k__Bacteria|p__Firmicutes|c__CFGB78178|o__OFGB78178|f__FGB78178|g__GGB9072,GGB9072,,True,Absent in MiaGB; MiaGB value padded with 0
alz_only_padded_in_miagb,k__Bacteria|p__Firmicutes|c__CFGB78178|o__OFGB78178|f__FGB78178|g__GGB9073,GGB9073,,True,Absent in MiaGB; MiaGB value padded with 0
alz_only_padded_in_miagb,k__Bacteria|p__Firmicutes|c__CFGB2837|o__OFGB2837|f__FGB2837|g__GGB9074,GGB9074,,True,Absent in MiaGB; MiaGB value padded with 0
alz_only_padded_in_miagb,k__Bacteria|p__Firmicutes|c__CFGB2837|o__OFGB2837|f__FGB2837|g__GGB9075,GGB9075,,True,Absent in MiaGB; MiaGB value padded with 0
alz_only_padded_in_miagb,k__Bacteria|p__Firmicutes|c__CFGB2837|o__OFGB2837|f__FGB2837|g__GGB9076,GGB9076,,True,Absent in MiaGB; MiaGB value padded with 0
alz_only_padded_in_miagb,k__Bacteria|p__Firmicutes|c__CFGB2837|o__OFGB2837|f__FGB2837|g__GGB9079,GGB9079,,True,Absent in MiaGB; MiaGB value padded with 0
alz_only_padded_in_miagb,k__Bacteria|p__Firmicutes|c__CFGB2837|o__OFGB2837|f__FGB2837|g__GGB9080,GGB9080,,True,Absent in MiaGB; MiaGB value padded with 0
alz_only_padded_in_miagb,k__Bacteria|p__Firmicutes|c__CFGB2837|o__OFGB2837|f__FGB2837|g__GGB9081,GGB9081,,True,Absent in MiaGB; MiaGB value padded with 0
alz_only_padded_in_miagb,k__Bacteria|p__Firmicutes|c__CFGB2837|o__OFGB2837|f__FGB2837|g__GGB9082,GGB9082,,True,Absent in MiaGB; MiaGB value padded with 0
alz_only_padded_in_miagb,k__Bacteria|p__Firmicutes|c__CFGB28372|o__OFGB28372|f__FGB28372|g__GGB9083,GGB9083,,True,Absent in MiaGB; MiaGB value padded with 0
alz_only_padded_in_miagb,k__Bacteria|p__Firmicutes|c__CFGB2838|o__OFGB2838|f__FGB2838|g__GGB9085,GGB9085,,True,Absent in MiaGB; MiaGB value padded with 0
alz_only_padded_in_miagb,k__Bacteria|p__Firmicutes|c__CFGB2838|o__OFGB2838|f__FGB2838|g__GGB9086,GGB9086,,True,Absent in MiaGB; MiaGB value padded with 0
alz_only_padded_in_miagb,k__Bacteria|p__Firmicutes|c__CFGB2839|o__OFGB2839|f__FGB2839|g__GGB9088,GGB9088,,True,Absent in MiaGB; MiaGB value padded with 0
alz_only_padded_in_miagb,k__Bacteria|p__Firmicutes|c__CFGB2839|o__OFGB2839|f__FGB2839|g__GGB9089,GGB9089,,True,Absent in MiaGB; MiaGB value padded with 0
alz_only_padded_in_miagb,k__Bacteria|p__Firmicutes|c__CFGB2839|o__OFGB2839|f__FGB2839|g__GGB9090,GGB9090,,True,Absent in MiaGB; MiaGB value padded with 0
alz_only_padded_in_miagb,k__Bacteria|p__Firmicutes|c__CFGB2840|o__OFGB2840|f__FGB2840|g__GGB9091,GGB9091,,True,Absent in MiaGB; MiaGB value padded with 0
alz_only_padded_in_miagb,k__Bacteria|p__Firmicutes|c__CFGB2840|o__OFGB2840|f__FGB2840|g__GGB9092,GGB9092,,True,Absent in MiaGB; MiaGB value padded with 0
alz_only_padded_in_miagb,k__Bacteria|p__Firmicutes|c__CFGB2840|o__OFGB2840|f__FGB2840|g__GGB9093,GGB9093,,True,Absent in MiaGB; MiaGB value padded with 0
alz_only_padded_in_miagb,k__Bacteria|p__Firmicutes|c__CFGB2840|o__OFGB2840|f__FGB2840|g__GGB9094,GGB9094,,True,Absent in MiaGB; MiaGB value padded with 0
alz_only_padded_in_miagb,k__Bacteria|p__Firmicutes|c__CFGB2840|o__OFGB2840|f__FGB2840|g__GGB9095,GGB9095,,True,Absent in MiaGB; MiaGB value padded with 0
alz_only_padded_in_miagb,k__Bacteria|p__Firmicutes|c__Clostridia|o__Candidatus_Borkfalkiales|f__Candidatus_Borkfalkiaceae|g__GGB9101,GGB9101,,True,Absent in MiaGB; MiaGB value padded with 0
alz_only_padded_in_miagb,k__Bacteria|p__Firmicutes|c__Clostridia|o__Candidatus_Borkfalkiales|f__Candidatus_Borkfalkiaceae|g__GGB9102,GGB9102,,True,Absent in MiaGB; MiaGB value padded with 0
alz_only_padded_in_miagb,k__Bacteria|p__Firmicutes|c__Clostridia|o__Candidatus_Borkfalkiales|f__Candidatus_Borkfalkiaceae|g__GGB9104,GGB9104,,True,Absent in MiaGB; MiaGB value padded with 0
alz_only_padded_in_miagb,k__Bacteria|p__Firmicutes|c__Clostridia|o__Candidatus_Borkfalkiales|f__Candidatus_Borkfalkiaceae|g__GGB9106,GGB9106,,True,Absent in MiaGB; MiaGB value padded with 0
alz_only_padded_in_miagb,k__Bacteria|p__Firmicutes|c__CFGB9512|o__OFGB9512|f__FGB9512|g__GGB9108,GGB9108,,True,Absent in MiaGB; MiaGB value padded with 0
alz_only_padded_in_miagb,k__Bacteria|p__Firmicutes|c__CFGB78183|o__OFGB78183|f__FGB78183|g__GGB9109,GGB9109,,True,Absent in MiaGB; MiaGB value padded with 0
alz_only_padded_in_miagb,k__Bacteria|p__Firmicutes|c__CFGB2844|o__OFGB2844|f__FGB2844|g__GGB9110,GGB9110,,True,Absent in MiaGB; MiaGB value padded with 0
alz_only_padded_in_miagb,k__Bacteria|p__Firmicutes|c__CFGB2844|o__OFGB2844|f__FGB2844|g__GGB9111,GGB9111,,True,Absent in MiaGB; MiaGB value padded with 0
alz_only_padded_in_miagb,k__Bacteria|p__Firmicutes|c__CFGB2844|o__OFGB2844|f__FGB2844|g__GGB9112,GGB9112,,True,Absent in MiaGB; MiaGB value padded with 0
alz_only_padded_in_miagb,k__Bacteria|p__Firmicutes|c__CFGB2845|o__OFGB2845|f__FGB2845|g__GGB9115,GGB9115,,True,Absent in MiaGB; MiaGB value padded with 0
alz_only_padded_in_miagb,k__Bacteria|p__Firmicutes|c__CFGB2845|o__OFGB2845|f__FGB2845|g__GGB9116,GGB9116,,True,Absent in MiaGB; MiaGB value padded with 0
alz_only_padded_in_miagb,k__Bacteria|p__Firmicutes|c__CFGB2846|o__OFGB2846|f__FGB2846|g__GGB9117,GGB9117,,True,Absent in MiaGB; MiaGB value padded with 0
alz_only_padded_in_miagb,k__Bacteria|p__Firmicutes|c__CFGB2860|o__OFGB2860|f__FGB2860|g__GGB9137,GGB9137,,True,Absent in MiaGB; MiaGB value padded with 0
alz_only_padded_in_miagb,k__Bacteria|p__Firmicutes|c__CFGB2861|o__OFGB2861|f__FGB2861|g__GGB9141,GGB9141,,True,Absent in MiaGB; MiaGB value padded with 0
alz_only_padded_in_miagb,k__Bacteria|p__Firmicutes|c__CFGB79036|o__OFGB79036|f__FGB79036|g__GGB9146,GGB9146,,True,Absent in MiaGB; MiaGB value padded with 0
alz_only_padded_in_miagb,k__Bacteria|p__Firmicutes|c__CFGB2863|o__OFGB2863|f__FGB2863|g__GGB9147,GGB9147,,True,Absent in MiaGB; MiaGB value padded with 0
alz_only_padded_in_miagb,k__Bacteria|p__Firmicutes|c__CFGB73114|o__OFGB73114|f__FGB73114|g__GGB9149,GGB9149,,True,Absent in MiaGB; MiaGB value padded with 0
alz_only_padded_in_miagb,k__Bacteria|p__Firmicutes|c__CFGB73114|o__OFGB73114|f__FGB73114|g__GGB9150,GGB9150,,True,Absent in MiaGB; MiaGB value padded with 0
alz_only_padded_in_miagb,k__Bacteria|p__Firmicutes|c__CFGB2870|o__OFGB2870|f__FGB2870|g__GGB9161,GGB9161,,True,Absent in MiaGB; MiaGB value padded with 0
alz_only_padded_in_miagb,k__Bacteria|p__Firmicutes|c__CFGB2873|o__OFGB2873|f__FGB2873|g__GGB9168,GGB9168,,True,Absent in MiaGB; MiaGB value padded with 0
alz_only_padded_in_miagb,k__Bacteria|p__Firmicutes|c__CFGB73147|o__OFGB73147|f__FGB73147|g__GGB9169,GGB9169,,True,Absent in MiaGB; MiaGB value padded with 0
alz_only_padded_in_miagb,k__Bacteria|p__Firmicutes|c__CFGB77406|o__OFGB77406|f__FGB77406|g__GGB9170,GGB9170,,True,Absent in MiaGB; MiaGB value padded with 0
alz_only_padded_in_miagb,k__Bacteria|p__Firmicutes|c__CFGB2873|o__OFGB2873|f__FGB2873|g__GGB9171,GGB9171,,True,Absent in MiaGB; MiaGB value padded with 0
alz_only_padded_in_miagb,k__Bacteria|p__Firmicutes|c__CFGB2873|o__OFGB2873|f__FGB2873|g__GGB9172,GGB9172,,True,Absent in MiaGB; MiaGB value padded with 0
alz_only_padded_in_miagb,k__Bacteria|p__Firmicutes|c__CFGB2875|o__OFGB2875|f__FGB2875|g__GGB9175,GGB9175,,True,Absent in MiaGB; MiaGB value padded with 0
alz_only_padded_in_miagb,k__Bacteria|p__Firmicutes|c__CFGB2875|o__OFGB2875|f__FGB2875|g__GGB9176,GGB9176,,True,Absent in MiaGB; MiaGB value padded with 0
alz_only_padded_in_miagb,k__Bacteria|p__Firmicutes|c__CFGB2876|o__OFGB2876|f__FGB2876|g__GGB9178,GGB9178,,True,Absent in MiaGB; MiaGB value padded with 0
alz_only_padded_in_miagb,k__Bacteria|p__Firmicutes|c__CFGB2880|o__OFGB2880|f__FGB2880|g__GGB9184,GGB9184,,True,Absent in MiaGB; MiaGB value padded with 0
alz_only_padded_in_miagb,k__Bacteria|p__Firmicutes|c__CFGB2881|o__OFGB2881|f__FGB2881|g__GGB9185,GGB9185,,True,Absent in MiaGB; MiaGB value padded with 0
alz_only_padded_in_miagb,k__Bacteria|p__Firmicutes|c__Clostridia|o__Eubacteriales|f__Christensenellaceae|g__GGB9186,GGB9186,,True,Absent in MiaGB; MiaGB value padded with 0
alz_only_padded_in_miagb,k__Bacteria|p__Firmicutes|c__CFGB2881|o__OFGB2881|f__FGB2881|g__GGB9189,GGB9189,,True,Absent in MiaGB; MiaGB value padded with 0
alz_only_padded_in_miagb,k__Bacteria|p__Firmicutes|c__CFGB2886|o__OFGB2886|f__FGB2886|g__GGB9192,GGB9192,,True,Absent in MiaGB; MiaGB value padded with 0
alz_only_padded_in_miagb,k__Bacteria|p__Firmicutes|c__CFGB2889|o__OFGB2889|f__FGB2889|g__GGB9197,GGB9197,,True,Absent in MiaGB; MiaGB value padded with 0
alz_only_padded_in_miagb,k__Bacteria|p__Firmicutes|c__CFGB2890|o__OFGB2890|f__FGB2890|g__GGB9198,GGB9198,,True,Absent in MiaGB; MiaGB value padded with 0
alz_only_padded_in_miagb,k__Bacteria|p__Firmicutes|c__CFGB2890|o__OFGB2890|f__FGB2890|g__GGB9199,GGB9199,,True,Absent in MiaGB; MiaGB value padded with 0
alz_only_padded_in_miagb,k__Bacteria|p__Firmicutes|c__CFGB2890|o__OFGB2890|f__FGB2890|g__GGB9200,GGB9200,,True,Absent in MiaGB; MiaGB value padded with 0
alz_only_padded_in_miagb,k__Bacteria|p__Firmicutes|c__CFGB2897|o__OFGB2897|f__FGB2897|g__GGB9209,GGB9209,,True,Absent in MiaGB; MiaGB value padded with 0
alz_only_padded_in_miagb,k__Bacteria|p__Firmicutes|c__CFGB2898|o__OFGB2898|f__FGB2898|g__GGB9210,GGB9210,,True,Absent in MiaGB; MiaGB value padded with 0
alz_only_padded_in_miagb,k__Bacteria|p__Firmicutes|c__CFGB2898|o__OFGB2898|f__FGB2898|g__GGB9211,GGB9211,,True,Absent in MiaGB; MiaGB value padded with 0
alz_only_padded_in_miagb,k__Bacteria|p__Firmicutes|c__CFGB2905|o__OFGB2905|f__FGB2905|g__GGB9224,GGB9224,,True,Absent in MiaGB; MiaGB value padded with 0
alz_only_padded_in_miagb,k__Bacteria|p__Firmicutes|c__CFGB2906|o__OFGB2906|f__FGB2906|g__GGB9225,GGB9225,,True,Absent in MiaGB; MiaGB value padded with 0
alz_only_padded_in_miagb,k__Bacteria|p__Firmicutes|c__Clostridia|o__Eubacteriales|f__Oscillospiraceae|g__GGB9237,GGB9237,,True,Absent in MiaGB; MiaGB value padded with 0
alz_only_padded_in_miagb,k__Bacteria|p__Firmicutes|c__CFGB2917|o__OFGB2917|f__FGB2917|g__GGB9238,GGB9238,,True,Absent in MiaGB; MiaGB value padded with 0
alz_only_padded_in_miagb,k__Bacteria|p__Firmicutes|c__CFGB2918|o__OFGB2918|f__FGB2918|g__GGB9239,GGB9239,,True,Absent in MiaGB; MiaGB value padded with 0
alz_only_padded_in_miagb,k__Bacteria|p__Firmicutes|c__CFGB2918|o__OFGB2918|f__FGB2918|g__GGB9240,GGB9240,,True,Absent in MiaGB; MiaGB value padded with 0
alz_only_padded_in_miagb,k__Bacteria|p__Firmicutes|c__CFGB2921|o__OFGB2921|f__FGB2921|g__GGB9243,GGB9243,,True,Absent in MiaGB; MiaGB value padded with 0
alz_only_padded_in_miagb,k__Bacteria|p__Firmicutes|c__CFGB2924|o__OFGB2924|f__FGB2924|g__GGB9247,GGB9247,,True,Absent in MiaGB; MiaGB value padded with 0
alz_only_padded_in_miagb,k__Bacteria|p__Firmicutes|c__CFGB73223|o__OFGB73223|f__FGB73223|g__GGB9249,GGB9249,,True,Absent in MiaGB; MiaGB value padded with 0
alz_only_padded_in_miagb,k__Bacteria|p__Firmicutes|c__CFGB38791|o__OFGB38791|f__FGB38791|g__GGB9252,GGB9252,,True,Absent in MiaGB; MiaGB value padded with 0
alz_only_padded_in_miagb,k__Bacteria|p__Firmicutes|c__CFGB2930|o__OFGB2930|f__FGB2930|g__GGB9253,GGB9253,,True,Absent in MiaGB; MiaGB value padded with 0
alz_only_padded_in_miagb,k__Bacteria|p__Firmicutes|c__CFGB10021|o__OFGB10021|f__FGB10021|g__GGB9256,GGB9256,,True,Absent in MiaGB; MiaGB value padded with 0
alz_only_padded_in_miagb,k__Bacteria|p__Firmicutes|c__CFGB10021|o__OFGB10021|f__FGB10021|g__GGB9258,GGB9258,,True,Absent in MiaGB; MiaGB value padded with 0
alz_only_padded_in_miagb,k__Bacteria|p__Firmicutes|c__CFGB78461|o__OFGB78461|f__FGB78461|g__GGB9260,GGB9260,,True,Absent in MiaGB; MiaGB value padded with 0
alz_only_padded_in_miagb,k__Bacteria|p__Firmicutes|c__CFGB2932|o__OFGB2932|f__FGB2932|g__GGB9261,GGB9261,,True,Absent in MiaGB; MiaGB value padded with 0
alz_only_padded_in_miagb,k__Bacteria|p__Firmicutes|c__CFGB51922|o__OFGB51922|f__FGB51922|g__GGB9262,GGB9262,,True,Absent in MiaGB; MiaGB value padded with 0
alz_only_padded_in_miagb,k__Bacteria|p__Firmicutes|c__CFGB58291|o__OFGB58291|f__FGB58291|g__GGB9263,GGB9263,,True,Absent in MiaGB; MiaGB value padded with 0
alz_only_padded_in_miagb,k__Bacteria|p__Firmicutes|c__CFGB58291|o__OFGB58291|f__FGB58291|g__GGB9264,GGB9264,,True,Absent in MiaGB; MiaGB value padded with 0
alz_only_padded_in_miagb,k__Bacteria|p__Firmicutes|c__CFGB2936|o__OFGB2936|f__FGB2936|g__GGB9266,GGB9266,,True,Absent in MiaGB; MiaGB value padded with 0
alz_only_padded_in_miagb,k__Bacteria|p__Firmicutes|c__CFGB79211|o__OFGB79211|f__FGB79211|g__GGB9267,GGB9267,,True,Absent in MiaGB; MiaGB value padded with 0
alz_only_padded_in_miagb,k__Bacteria|p__Firmicutes|c__CFGB2937|o__OFGB2937|f__FGB2937|g__GGB9271,GGB9271,,True,Absent in MiaGB; MiaGB value padded with 0
alz_only_padded_in_miagb,k__Bacteria|p__Firmicutes|c__CFGB2941|o__OFGB2941|f__FGB2941|g__GGB9275,GGB9275,,True,Absent in MiaGB; MiaGB value padded with 0
alz_only_padded_in_miagb,k__Bacteria|p__Firmicutes|c__CFGB2933|o__OFGB2933|f__FGB2933|g__GGB9276,GGB9276,,True,Absent in MiaGB; MiaGB value padded with 0
alz_only_padded_in_miagb,k__Bacteria|p__Firmicutes|c__CFGB2942|o__OFGB2942|f__FGB2942|g__GGB9277,GGB9277,,True,Absent in MiaGB; MiaGB value padded with 0
alz_only_padded_in_miagb,k__Bacteria|p__Firmicutes|c__CFGB2942|o__OFGB2942|f__FGB2942|g__GGB9278,GGB9278,,True,Absent in MiaGB; MiaGB value padded with 0
alz_only_padded_in_miagb,k__Bacteria|p__Firmicutes|c__CFGB2942|o__OFGB2942|f__FGB2942|g__GGB9279,GGB9279,,True,Absent in MiaGB; MiaGB value padded with 0
alz_only_padded_in_miagb,k__Bacteria|p__Firmicutes|c__CFGB78502|o__OFGB78502|f__FGB78502|g__GGB9280,GGB9280,,True,Absent in MiaGB; MiaGB value padded with 0
alz_only_padded_in_miagb,k__Bacteria|p__Firmicutes|c__CFGB2945|o__OFGB2945|f__FGB2945|g__GGB9282,GGB9282,,True,Absent in MiaGB; MiaGB value padded with 0
alz_only_padded_in_miagb,k__Bacteria|p__Firmicutes|c__CFGB2947|o__OFGB2947|f__FGB2947|g__GGB9285,GGB9285,,True,Absent in MiaGB; MiaGB value padded with 0
alz_only_padded_in_miagb,k__Bacteria|p__Firmicutes|c__CFGB2947|o__OFGB2947|f__FGB2947|g__GGB9286,GGB9286,,True,Absent in MiaGB; MiaGB value padded with 0
alz_only_padded_in_miagb,k__Bacteria|p__Firmicutes|c__CFGB78560|o__OFGB78560|f__FGB78560|g__GGB9287,GGB9287,,True,Absent in MiaGB; MiaGB value padded with 0
alz_only_padded_in_miagb,k__Bacteria|p__Firmicutes|c__CFGB79363|o__OFGB79363|f__FGB79363|g__GGB9288,GGB9288,,True,Absent in MiaGB; MiaGB value padded with 0
alz_only_padded_in_miagb,k__Bacteria|p__Firmicutes|c__CFGB2918|o__OFGB2918|f__FGB2918|g__GGB9289,GGB9289,,True,Absent in MiaGB; MiaGB value padded with 0
alz_only_padded_in_miagb,k__Bacteria|p__Firmicutes|c__CFGB2949|o__OFGB2949|f__FGB2949|g__GGB9290,GGB9290,,True,Absent in MiaGB; MiaGB value padded with 0
alz_only_padded_in_miagb,k__Bacteria|p__Firmicutes|c__CFGB2950|o__OFGB2950|f__FGB2950|g__GGB9291,GGB9291,,True,Absent in MiaGB; MiaGB value padded with 0
alz_only_padded_in_miagb,k__Bacteria|p__Firmicutes|c__CFGB2952|o__OFGB2952|f__FGB2952|g__GGB9293,GGB9293,,True,Absent in MiaGB; MiaGB value padded with 0
alz_only_padded_in_miagb,k__Bacteria|p__Firmicutes|c__CFGB9272|o__OFGB9272|f__FGB9272|g__GGB9296,GGB9296,,True,Absent in MiaGB; MiaGB value padded with 0
alz_only_padded_in_miagb,k__Bacteria|p__Firmicutes|c__CFGB2954|o__OFGB2954|f__FGB2954|g__GGB9297,GGB9297,,True,Absent in MiaGB; MiaGB value padded with 0
alz_only_padded_in_miagb,k__Bacteria|p__Firmicutes|c__CFGB2957|o__OFGB2957|f__FGB2957|g__GGB9299,GGB9299,,True,Absent in MiaGB; MiaGB value padded with 0
alz_only_padded_in_miagb,k__Bacteria|p__Firmicutes|c__CFGB2959|o__OFGB2959|f__FGB2959|g__GGB9301,GGB9301,,True,Absent in MiaGB; MiaGB value padded with 0
alz_only_padded_in_miagb,k__Bacteria|p__Firmicutes|c__CFGB2960|o__OFGB2960|f__FGB2960|g__GGB9302,GGB9302,,True,Absent in MiaGB; MiaGB value padded with 0
alz_only_padded_in_miagb,k__Bacteria|p__Firmicutes|c__CFGB2960|o__OFGB2960|f__FGB2960|g__GGB9303,GGB9303,,True,Absent in MiaGB; MiaGB value padded with 0
alz_only_padded_in_miagb,k__Bacteria|p__Firmicutes|c__CFGB2964|o__OFGB2964|f__FGB2964|g__GGB9309,GGB9309,,True,Absent in MiaGB; MiaGB value padded with 0
alz_only_padded_in_miagb,k__Bacteria|p__Firmicutes|c__CFGB8294|o__OFGB8294|f__FGB8294|g__GGB9328,GGB9328,,True,Absent in MiaGB; MiaGB value padded with 0
alz_only_padded_in_miagb,k__Bacteria|p__Firmicutes|c__CFGB74971|o__OFGB74971|f__FGB74971|g__GGB9331,GGB9331,,True,Absent in MiaGB; MiaGB value padded with 0
alz_only_padded_in_miagb,k__Bacteria|p__Firmicutes|c__CFGB74971|o__OFGB74971|f__FGB74971|g__GGB9332,GGB9332,,True,Absent in MiaGB; MiaGB value padded with 0
alz_only_padded_in_miagb,k__Bacteria|p__Firmicutes|c__CFGB74971|o__OFGB74971|f__FGB74971|g__GGB9333,GGB9333,,True,Absent in MiaGB; MiaGB value padded with 0
alz_only_padded_in_miagb,k__Bacteria|p__Firmicutes|c__CFGB74971|o__OFGB74971|f__FGB74971|g__GGB9334,GGB9334,,True,Absent in MiaGB; MiaGB value padded with 0
alz_only_padded_in_miagb,k__Bacteria|p__Firmicutes|c__CFGB2978|o__OFGB2978|f__FGB2978|g__GGB9336,GGB9336,,True,Absent in MiaGB; MiaGB value padded with 0
alz_only_padded_in_miagb,k__Bacteria|p__Firmicutes|c__CFGB2982|o__OFGB2982|f__FGB2982|g__GGB9342,GGB9342,,True,Absent in MiaGB; MiaGB value padded with 0
alz_only_padded_in_miagb,k__Bacteria|p__Firmicutes|c__CFGB2983|o__OFGB2983|f__FGB2983|g__GGB9343,GGB9343,,True,Absent in MiaGB; MiaGB value padded with 0
alz_only_padded_in_miagb,k__Bacteria|p__Firmicutes|c__CFGB10477|o__OFGB10477|f__FGB10477|g__GGB9345,GGB9345,,True,Absent in MiaGB; MiaGB value padded with 0
alz_only_padded_in_miagb,k__Bacteria|p__Firmicutes|c__CFGB2984|o__OFGB2984|f__FGB2984|g__GGB9346,GGB9346,,True,Absent in MiaGB; MiaGB value padded with 0
alz_only_padded_in_miagb,k__Bacteria|p__Firmicutes|c__CFGB2984|o__OFGB2984|f__FGB2984|g__GGB9347,GGB9347,,True,Absent in MiaGB; MiaGB value padded with 0
alz_only_padded_in_miagb,k__Bacteria|p__Firmicutes|c__CFGB2985|o__OFGB2985|f__FGB2985|g__GGB9348,GGB9348,,True,Absent in MiaGB; MiaGB value padded with 0
alz_only_padded_in_miagb,k__Bacteria|p__Firmicutes|c__CFGB2985|o__OFGB2985|f__FGB2985|g__GGB9349,GGB9349,,True,Absent in MiaGB; MiaGB value padded with 0
alz_only_padded_in_miagb,k__Bacteria|p__Firmicutes|c__CFGB2985|o__OFGB2985|f__FGB2985|g__GGB9350,GGB9350,,True,Absent in MiaGB; MiaGB value padded with 0
alz_only_padded_in_miagb,k__Bacteria|p__Actinobacteria|c__CFGB12107|o__OFGB12107|f__FGB12107|g__GGB9354,GGB9354,,True,Absent in MiaGB; MiaGB value padded with 0
alz_only_padded_in_miagb,k__Bacteria|p__Actinobacteria|c__CFGB77988|o__OFGB77988|f__FGB77988|g__GGB9355,GGB9355,,True,Absent in MiaGB; MiaGB value padded with 0
alz_only_padded_in_miagb,k__Bacteria|p__Actinobacteria|c__CFGB77988|o__OFGB77988|f__FGB77988|g__GGB9356,GGB9356,,True,Absent in MiaGB; MiaGB value padded with 0
alz_only_padded_in_miagb,k__Bacteria|p__Actinobacteria|c__CFGB77988|o__OFGB77988|f__FGB77988|g__GGB9357,GGB9357,,True,Absent in MiaGB; MiaGB value padded with 0
alz_only_padded_in_miagb,k__Bacteria|p__Actinobacteria|c__CFGB77988|o__OFGB77988|f__FGB77988|g__GGB9358,GGB9358,,True,Absent in MiaGB; MiaGB value padded with 0
alz_only_padded_in_miagb,k__Bacteria|p__Actinobacteria|c__CFGB77988|o__OFGB77988|f__FGB77988|g__GGB9359,GGB9359,,True,Absent in MiaGB; MiaGB value padded with 0
alz_only_padded_in_miagb,k__Bacteria|p__Actinobacteria|c__CFGB77988|o__OFGB77988|f__FGB77988|g__GGB9361,GGB9361,,True,Absent in MiaGB; MiaGB value padded with 0
alz_only_padded_in_miagb,k__Bacteria|p__Actinobacteria|c__CFGB77988|o__OFGB77988|f__FGB77988|g__GGB9364,GGB9364,,True,Absent in MiaGB; MiaGB value padded with 0
alz_only_padded_in_miagb,k__Bacteria|p__Actinobacteria|c__Coriobacteriia|o__Eggerthellales|f__Eggerthellaceae|g__GGB9365,GGB9365,,True,Absent in MiaGB; MiaGB value padded with 0
alz_only_padded_in_miagb,k__Bacteria|p__Actinobacteria|c__Coriobacteriia|o__Coriobacteriales|f__Coriobacteriaceae|g__GGB9370,GGB9370,,True,Absent in MiaGB; MiaGB value padded with 0
alz_only_padded_in_miagb,k__Bacteria|p__Actinobacteria|c__Coriobacteriia|o__Coriobacteriales|f__Coriobacteriaceae|g__GGB9380,GGB9380,,True,Absent in MiaGB; MiaGB value padded with 0
alz_only_padded_in_miagb,k__Bacteria|p__Actinobacteria|c__Coriobacteriia|o__Coriobacteriales|f__Coriobacteriaceae|g__GGB9383,GGB9383,,True,Absent in MiaGB; MiaGB value padded with 0
alz_only_padded_in_miagb,k__Bacteria|p__Actinobacteria|c__CFGB2992|o__OFGB2992|f__FGB2992|g__GGB9411,GGB9411,,True,Absent in MiaGB; MiaGB value padded with 0
alz_only_padded_in_miagb,k__Bacteria|p__Actinobacteria|c__CFGB2992|o__OFGB2992|f__FGB2992|g__GGB9412,GGB9412,,True,Absent in MiaGB; MiaGB value padded with 0
alz_only_padded_in_miagb,k__Bacteria|p__Actinobacteria|c__Coriobacteriia|o__Eggerthellales|f__Eggerthellaceae|g__GGB9420,GGB9420,,True,Absent in MiaGB; MiaGB value padded with 0
alz_only_padded_in_miagb,k__Bacteria|p__Actinobacteria|c__CFGB77156|o__OFGB77156|f__FGB77156|g__GGB9421,GGB9421,,True,Absent in MiaGB; MiaGB value padded with 0
alz_only_padded_in_miagb,k__Bacteria|p__Actinobacteria|c__Coriobacteriia|o__Eggerthellales|f__Eggerthellaceae|g__GGB9423,GGB9423,,True,Absent in MiaGB; MiaGB value padded with 0
alz_only_padded_in_miagb,k__Bacteria|p__Actinobacteria|c__Coriobacteriia|o__Eggerthellales|f__Eggerthellaceae|g__GGB9424,GGB9424,,True,Absent in MiaGB; MiaGB value padded with 0
alz_only_padded_in_miagb,k__Bacteria|p__Actinobacteria|c__Coriobacteriia|o__Eggerthellales|f__Eggerthellaceae|g__GGB9425,GGB9425,,True,Absent in MiaGB; MiaGB value padded with 0
alz_only_padded_in_miagb,k__Bacteria|p__Actinobacteria|c__Coriobacteriia|o__Eggerthellales|f__Eggerthellaceae|g__GGB9434,GGB9434,,True,Absent in MiaGB; MiaGB value padded with 0
alz_only_padded_in_miagb,k__Bacteria|p__Actinobacteria|c__Coriobacteriia|o__Eggerthellales|f__Eggerthellaceae|g__GGB9439,GGB9439,,True,Absent in MiaGB; MiaGB value padded with 0
alz_only_padded_in_miagb,k__Bacteria|p__Firmicutes|c__CFGB2997|o__OFGB2997|f__FGB2997|g__GGB9444,GGB9444,,True,Absent in MiaGB; MiaGB value padded with 0
alz_only_padded_in_miagb,k__Bacteria|p__Firmicutes|c__CFGB2997|o__OFGB2997|f__FGB2997|g__GGB9445,GGB9445,,True,Absent in MiaGB; MiaGB value padded with 0
alz_only_padded_in_miagb,k__Bacteria|p__Firmicutes|c__CFGB2999|o__OFGB2999|f__FGB2999|g__GGB9450,GGB9450,,True,Absent in MiaGB; MiaGB value padded with 0
alz_only_padded_in_miagb,k__Bacteria|p__Firmicutes|c__Clostridia|o__Eubacteriales|f__Oscillospiraceae|g__GGB9452,GGB9452,,True,Absent in MiaGB; MiaGB value padded with 0
alz_only_padded_in_miagb,k__Bacteria|p__Firmicutes|c__Clostridia|o__Eubacteriales|f__Oscillospiraceae|g__GGB9453,GGB9453,,True,Absent in MiaGB; MiaGB value padded with 0
alz_only_padded_in_miagb,k__Bacteria|p__Firmicutes|c__Clostridia|o__Eubacteriales|f__Oscillospiraceae|g__GGB9454,GGB9454,,True,Absent in MiaGB; MiaGB value padded with 0
alz_only_padded_in_miagb,k__Bacteria|p__Firmicutes|c__Clostridia|o__Eubacteriales|f__Oscillospiraceae|g__GGB9455,GGB9455,,True,Absent in MiaGB; MiaGB value padded with 0
alz_only_padded_in_miagb,k__Bacteria|p__Firmicutes|c__Clostridia|o__Eubacteriales|f__Oscillospiraceae|g__GGB9457,GGB9457,,True,Absent in MiaGB; MiaGB value padded with 0
alz_only_padded_in_miagb,k__Bacteria|p__Firmicutes|c__CFGB3002|o__OFGB3002|f__FGB3002|g__GGB9463,GGB9463,,True,Absent in MiaGB; MiaGB value padded with 0
alz_only_padded_in_miagb,k__Bacteria|p__Firmicutes|c__CFGB3002|o__OFGB3002|f__FGB3002|g__GGB9464,GGB9464,,True,Absent in MiaGB; MiaGB value padded with 0
alz_only_padded_in_miagb,k__Bacteria|p__Firmicutes|c__CFGB5194|o__OFGB5194|f__FGB5194|g__GGB9466,GGB9466,,True,Absent in MiaGB; MiaGB value padded with 0
alz_only_padded_in_miagb,k__Bacteria|p__Firmicutes|c__Clostridia|o__Eubacteriales|f__Oscillospiraceae|g__GGB9469,GGB9469,,True,Absent in MiaGB; MiaGB value padded with 0
alz_only_padded_in_miagb,k__Bacteria|p__Firmicutes|c__CFGB3009|o__OFGB3009|f__FGB3009|g__GGB9474,GGB9474,,True,Absent in MiaGB; MiaGB value padded with 0
alz_only_padded_in_miagb,k__Bacteria|p__Firmicutes|c__CFGB3009|o__OFGB3009|f__FGB3009|g__GGB9476,GGB9476,,True,Absent in MiaGB; MiaGB value padded with 0
alz_only_padded_in_miagb,k__Bacteria|p__Firmicutes|c__CFGB3012|o__OFGB3012|f__FGB3012|g__GGB9480,GGB9480,,True,Absent in MiaGB; MiaGB value padded with 0
alz_only_padded_in_miagb,k__Bacteria|p__Firmicutes|c__CFGB9491|o__OFGB9491|f__FGB9491|g__GGB9491,GGB9491,,True,Absent in MiaGB; MiaGB value padded with 0
alz_only_padded_in_miagb,k__Bacteria|p__Firmicutes|c__Clostridia|o__Eubacteriales|f__Oscillospiraceae|g__GGB9495,GGB9495,,True,Absent in MiaGB; MiaGB value padded with 0
alz_only_padded_in_miagb,k__Bacteria|p__Firmicutes|c__CFGB3022|o__OFGB3022|f__FGB3022|g__GGB9499,GGB9499,,True,Absent in MiaGB; MiaGB value padded with 0
alz_only_padded_in_miagb,k__Bacteria|p__Firmicutes|c__CFGB3023|o__OFGB3023|f__FGB3023|g__GGB9501,GGB9501,,True,Absent in MiaGB; MiaGB value padded with 0
alz_only_padded_in_miagb,k__Bacteria|p__Firmicutes|c__CFGB3023|o__OFGB3023|f__FGB3023|g__GGB9502,GGB9502,,True,Absent in MiaGB; MiaGB value padded with 0
alz_only_padded_in_miagb,k__Bacteria|p__Firmicutes|c__CFGB3026|o__OFGB3026|f__FGB3026|g__GGB9508,GGB9508,,True,Absent in MiaGB; MiaGB value padded with 0
alz_only_padded_in_miagb,k__Bacteria|p__Firmicutes|c__Firmicutes_unclassified|o__Firmicutes_unclassified|f__Firmicutes_unclassified|g__GGB9509,GGB9509,,True,Absent in MiaGB; MiaGB value padded with 0
alz_only_padded_in_miagb,k__Bacteria|p__Firmicutes|c__Firmicutes_unclassified|o__Firmicutes_unclassified|f__Firmicutes_unclassified|g__GGB9511,GGB9511,,True,Absent in MiaGB; MiaGB value padded with 0
alz_only_padded_in_miagb,k__Bacteria|p__Firmicutes|c__Firmicutes_unclassified|o__Firmicutes_unclassified|f__Firmicutes_unclassified|g__GGB9512,GGB9512,,True,Absent in MiaGB; MiaGB value padded with 0
alz_only_padded_in_miagb,k__Bacteria|p__Firmicutes|c__Firmicutes_unclassified|o__Firmicutes_unclassified|f__Firmicutes_unclassified|g__GGB9513,GGB9513,,True,Absent in MiaGB; MiaGB value padded with 0
alz_only_padded_in_miagb,k__Bacteria|p__Firmicutes|c__CFGB79291|o__OFGB79291|f__FGB79291|g__GGB9522,GGB9522,,True,Absent in MiaGB; MiaGB value padded with 0
alz_only_padded_in_miagb,k__Bacteria|p__Firmicutes|c__CFGB75721|o__OFGB75721|f__FGB75721|g__GGB9523,GGB9523,,True,Absent in MiaGB; MiaGB value padded with 0
alz_only_padded_in_miagb,k__Bacteria|p__Firmicutes|c__CFGB75721|o__OFGB75721|f__FGB75721|g__GGB9524,GGB9524,,True,Absent in MiaGB; MiaGB value padded with 0
alz_only_padded_in_miagb,k__Bacteria|p__Firmicutes|c__CFGB4623|o__OFGB4623|f__FGB4623|g__GGB9525,GGB9525,,True,Absent in MiaGB; MiaGB value padded with 0
alz_only_padded_in_miagb,k__Bacteria|p__Firmicutes|c__CFGB3038|o__OFGB3038|f__FGB3038|g__GGB9529,GGB9529,,True,Absent in MiaGB; MiaGB value padded with 0
alz_only_padded_in_miagb,k__Bacteria|p__Firmicutes|c__CFGB3038|o__OFGB3038|f__FGB3038|g__GGB9530,GGB9530,,True,Absent in MiaGB; MiaGB value padded with 0
alz_only_padded_in_miagb,k__Bacteria|p__Firmicutes|c__CFGB3038|o__OFGB3038|f__FGB3038|g__GGB9531,GGB9531,,True,Absent in MiaGB; MiaGB value padded with 0
alz_only_padded_in_miagb,k__Bacteria|p__Firmicutes|c__CFGB3038|o__OFGB3038|f__FGB3038|g__GGB9532,GGB9532,,True,Absent in MiaGB; MiaGB value padded with 0
alz_only_padded_in_miagb,k__Bacteria|p__Firmicutes|c__CFGB3038|o__OFGB3038|f__FGB3038|g__GGB9533,GGB9533,,True,Absent in MiaGB; MiaGB value padded with 0
alz_only_padded_in_miagb,k__Bacteria|p__Firmicutes|c__CFGB3038|o__OFGB3038|f__FGB3038|g__GGB9534,GGB9534,,True,Absent in MiaGB; MiaGB value padded with 0
alz_only_padded_in_miagb,k__Bacteria|p__Firmicutes|c__CFGB3038|o__OFGB3038|f__FGB3038|g__GGB9536,GGB9536,,True,Absent in MiaGB; MiaGB value padded with 0
alz_only_padded_in_miagb,k__Bacteria|p__Firmicutes|c__CFGB3038|o__OFGB3038|f__FGB3038|g__GGB9537,GGB9537,,True,Absent in MiaGB; MiaGB value padded with 0
alz_only_padded_in_miagb,k__Bacteria|p__Firmicutes|c__CFGB3040|o__OFGB3040|f__FGB3040|g__GGB9540,GGB9540,,True,Absent in MiaGB; MiaGB value padded with 0
alz_only_padded_in_miagb,k__Bacteria|p__Firmicutes|c__CFGB3040|o__OFGB3040|f__FGB3040|g__GGB9542,GGB9542,,True,Absent in MiaGB; MiaGB value padded with 0
alz_only_padded_in_miagb,k__Bacteria|p__Firmicutes|c__CFGB3040|o__OFGB3040|f__FGB3040|g__GGB9543,GGB9543,,True,Absent in MiaGB; MiaGB value padded with 0
alz_only_padded_in_miagb,k__Bacteria|p__Firmicutes|c__CFGB82363|o__OFGB82363|f__FGB82363|g__GGB9545,GGB9545,,True,Absent in MiaGB; MiaGB value padded with 0
alz_only_padded_in_miagb,k__Bacteria|p__Firmicutes|c__CFGB3041|o__OFGB3041|f__FGB3041|g__GGB9547,GGB9547,,True,Absent in MiaGB; MiaGB value padded with 0
alz_only_padded_in_miagb,k__Bacteria|p__Firmicutes|c__CFGB3041|o__OFGB3041|f__FGB3041|g__GGB9548,GGB9548,,True,Absent in MiaGB; MiaGB value padded with 0
alz_only_padded_in_miagb,k__Bacteria|p__Firmicutes|c__CFGB3043|o__OFGB3043|f__FGB3043|g__GGB9551,GGB9551,,True,Absent in MiaGB; MiaGB value padded with 0
alz_only_padded_in_miagb,k__Bacteria|p__Firmicutes|c__CFGB3048|o__OFGB3048|f__FGB3048|g__GGB9559,GGB9559,,True,Absent in MiaGB; MiaGB value padded with 0
alz_only_padded_in_miagb,k__Bacteria|p__Firmicutes|c__CFGB3048|o__OFGB3048|f__FGB3048|g__GGB9561,GGB9561,,True,Absent in MiaGB; MiaGB value padded with 0
alz_only_padded_in_miagb,k__Bacteria|p__Firmicutes|c__Clostridia|o__Eubacteriales|f__Eubacteriales_unclassified|g__GGB9563,GGB9563,,True,Absent in MiaGB; MiaGB value padded with 0
alz_only_padded_in_miagb,k__Bacteria|p__Firmicutes|c__Clostridia|o__Eubacteriales|f__Clostridiaceae|g__GGB9574,GGB9574,,True,Absent in MiaGB; MiaGB value padded with 0
alz_only_padded_in_miagb,k__Bacteria|p__Firmicutes|c__Clostridia|o__Eubacteriales|f__Clostridiaceae|g__GGB9575,GGB9575,,True,Absent in MiaGB; MiaGB value padded with 0
alz_only_padded_in_miagb,k__Bacteria|p__Firmicutes|c__Clostridia|o__Eubacteriales|f__Clostridiaceae|g__GGB9580,GGB9580,,True,Absent in MiaGB; MiaGB value padded with 0
alz_only_padded_in_miagb,k__Bacteria|p__Firmicutes|c__CFGB3054|o__OFGB3054|f__FGB3054|g__GGB9582,GGB9582,,True,Absent in MiaGB; MiaGB value padded with 0
alz_only_padded_in_miagb,k__Bacteria|p__Firmicutes|c__CFGB3054|o__OFGB3054|f__FGB3054|g__GGB9583,GGB9583,,True,Absent in MiaGB; MiaGB value padded with 0
alz_only_padded_in_miagb,k__Bacteria|p__Firmicutes|c__Clostridia|o__Eubacteriales|f__Oscillospiraceae|g__GGB9589,GGB9589,,True,Absent in MiaGB; MiaGB value padded with 0
alz_only_padded_in_miagb,k__Bacteria|p__Firmicutes|c__Clostridia|o__Eubacteriales|f__Oscillospiraceae|g__GGB9590,GGB9590,,True,Absent in MiaGB; MiaGB value padded with 0
alz_only_padded_in_miagb,k__Bacteria|p__Firmicutes|c__Clostridia|o__Eubacteriales|f__Oscillospiraceae|g__GGB9591,GGB9591,,True,Absent in MiaGB; MiaGB value padded with 0
alz_only_padded_in_miagb,k__Bacteria|p__Firmicutes|c__Clostridia|o__Eubacteriales|f__Oscillospiraceae|g__GGB9592,GGB9592,,True,Absent in MiaGB; MiaGB value padded with 0
alz_only_padded_in_miagb,k__Bacteria|p__Firmicutes|c__Clostridia|o__Eubacteriales|f__Oscillospiraceae|g__GGB9593,GGB9593,,True,Absent in MiaGB; MiaGB value padded with 0
alz_only_padded_in_miagb,k__Bacteria|p__Firmicutes|c__Clostridia|o__Eubacteriales|f__Oscillospiraceae|g__GGB9595,GGB9595,,True,Absent in MiaGB; MiaGB value padded with 0
alz_only_padded_in_miagb,k__Bacteria|p__Firmicutes|c__Clostridia|o__Eubacteriales|f__Oscillospiraceae|g__GGB9597,GGB9597,,True,Absent in MiaGB; MiaGB value padded with 0
alz_only_padded_in_miagb,k__Bacteria|p__Firmicutes|c__Clostridia|o__Eubacteriales|f__Oscillospiraceae|g__GGB9602,GGB9602,,True,Absent in MiaGB; MiaGB value padded with 0
alz_only_padded_in_miagb,k__Bacteria|p__Firmicutes|c__Clostridia|o__Eubacteriales|f__Oscillospiraceae|g__GGB9603,GGB9603,,True,Absent in MiaGB; MiaGB value padded with 0
alz_only_padded_in_miagb,k__Bacteria|p__Firmicutes|c__Clostridia|o__Eubacteriales|f__Oscillospiraceae|g__GGB9604,GGB9604,,True,Absent in MiaGB; MiaGB value padded with 0
alz_only_padded_in_miagb,k__Bacteria|p__Firmicutes|c__CFGB9977|o__OFGB9977|f__FGB9977|g__GGB9606,GGB9606,,True,Absent in MiaGB; MiaGB value padded with 0
alz_only_padded_in_miagb,k__Bacteria|p__Firmicutes|c__CFGB9977|o__OFGB9977|f__FGB9977|g__GGB9607,GGB9607,,True,Absent in MiaGB; MiaGB value padded with 0
alz_only_padded_in_miagb,k__Bacteria|p__Firmicutes|c__Clostridia|o__Eubacteriales|f__Oscillospiraceae|g__GGB9608,GGB9608,,True,Absent in MiaGB; MiaGB value padded with 0
alz_only_padded_in_miagb,k__Bacteria|p__Firmicutes|c__Clostridia|o__Eubacteriales|f__Oscillospiraceae|g__GGB9611,GGB9611,,True,Absent in MiaGB; MiaGB value padded with 0
alz_only_padded_in_miagb,k__Bacteria|p__Firmicutes|c__Clostridia|o__Eubacteriales|f__Oscillospiraceae|g__GGB9613,GGB9613,,True,Absent in MiaGB; MiaGB value padded with 0
alz_only_padded_in_miagb,k__Bacteria|p__Firmicutes|c__Clostridia|o__Eubacteriales|f__Oscillospiraceae|g__GGB9614,GGB9614,,True,Absent in MiaGB; MiaGB value padded with 0
alz_only_padded_in_miagb,k__Bacteria|p__Firmicutes|c__Clostridia|o__Eubacteriales|f__Oscillospiraceae|g__GGB9616,GGB9616,,True,Absent in MiaGB; MiaGB value padded with 0
alz_only_padded_in_miagb,k__Bacteria|p__Firmicutes|c__Clostridia|o__Eubacteriales|f__Oscillospiraceae|g__GGB9618,GGB9618,,True,Absent in MiaGB; MiaGB value padded with 0
alz_only_padded_in_miagb,k__Bacteria|p__Firmicutes|c__Clostridia|o__Eubacteriales|f__Oscillospiraceae|g__GGB9619,GGB9619,,True,Absent in MiaGB; MiaGB value padded with 0
alz_only_padded_in_miagb,k__Bacteria|p__Firmicutes|c__Clostridia|o__Eubacteriales|f__Oscillospiraceae|g__GGB9620,GGB9620,,True,Absent in MiaGB; MiaGB value padded with 0
alz_only_padded_in_miagb,k__Bacteria|p__Firmicutes|c__Clostridia|o__Eubacteriales|f__Oscillospiraceae|g__GGB9621,GGB9621,,True,Absent in MiaGB; MiaGB value padded with 0
alz_only_padded_in_miagb,k__Bacteria|p__Firmicutes|c__Clostridia|o__Eubacteriales|f__Oscillospiraceae|g__GGB9623,GGB9623,,True,Absent in MiaGB; MiaGB value padded with 0
alz_only_padded_in_miagb,k__Bacteria|p__Firmicutes|c__Clostridia|o__Eubacteriales|f__Oscillospiraceae|g__GGB9627,GGB9627,,True,Absent in MiaGB; MiaGB value padded with 0
alz_only_padded_in_miagb,k__Bacteria|p__Firmicutes|c__Clostridia|o__Eubacteriales|f__Oscillospiraceae|g__GGB9628,GGB9628,,True,Absent in MiaGB; MiaGB value padded with 0
alz_only_padded_in_miagb,k__Bacteria|p__Firmicutes|c__Clostridia|o__Eubacteriales|f__Oscillospiraceae|g__GGB9630,GGB9630,,True,Absent in MiaGB; MiaGB value padded with 0
alz_only_padded_in_miagb,k__Bacteria|p__Firmicutes|c__Clostridia|o__Eubacteriales|f__Oscillospiraceae|g__GGB9634,GGB9634,,True,Absent in MiaGB; MiaGB value padded with 0
alz_only_padded_in_miagb,k__Bacteria|p__Firmicutes|c__Clostridia|o__Eubacteriales|f__Oscillospiraceae|g__GGB9635,GGB9635,,True,Absent in MiaGB; MiaGB value padded with 0
alz_only_padded_in_miagb,k__Bacteria|p__Firmicutes|c__Clostridia|o__Eubacteriales|f__Oscillospiraceae|g__GGB9636,GGB9636,,True,Absent in MiaGB; MiaGB value padded with 0
alz_only_padded_in_miagb,k__Bacteria|p__Firmicutes|c__Clostridia|o__Eubacteriales|f__Oscillospiraceae|g__GGB9637,GGB9637,,True,Absent in MiaGB; MiaGB value padded with 0
alz_only_padded_in_miagb,k__Bacteria|p__Firmicutes|c__Clostridia|o__Eubacteriales|f__Oscillospiraceae|g__GGB9640,GGB9640,,True,Absent in MiaGB; MiaGB value padded with 0
alz_only_padded_in_miagb,k__Bacteria|p__Firmicutes|c__Clostridia|o__Eubacteriales|f__Oscillospiraceae|g__GGB9641,GGB9641,,True,Absent in MiaGB; MiaGB value padded with 0
alz_only_padded_in_miagb,k__Bacteria|p__Firmicutes|c__Clostridia|o__Eubacteriales|f__Oscillospiraceae|g__GGB9642,GGB9642,,True,Absent in MiaGB; MiaGB value padded with 0
alz_only_padded_in_miagb,k__Bacteria|p__Firmicutes|c__Clostridia|o__Eubacteriales|f__Oscillospiraceae|g__GGB9645,GGB9645,,True,Absent in MiaGB; MiaGB value padded with 0
alz_only_padded_in_miagb,k__Bacteria|p__Firmicutes|c__Clostridia|o__Eubacteriales|f__Oscillospiraceae|g__GGB9646,GGB9646,,True,Absent in MiaGB; MiaGB value padded with 0
alz_only_padded_in_miagb,k__Bacteria|p__Firmicutes|c__Clostridia|o__Eubacteriales|f__Oscillospiraceae|g__GGB9667,GGB9667,,True,Absent in MiaGB; MiaGB value padded with 0
alz_only_padded_in_miagb,k__Bacteria|p__Firmicutes|c__Clostridia|o__Eubacteriales|f__Oscillospiraceae|g__GGB9668,GGB9668,,True,Absent in MiaGB; MiaGB value padded with 0
alz_only_padded_in_miagb,k__Bacteria|p__Firmicutes|c__CFGB79294|o__OFGB79294|f__FGB79294|g__GGB9672,GGB9672,,True,Absent in MiaGB; MiaGB value padded with 0
alz_only_padded_in_miagb,k__Bacteria|p__Firmicutes|c__CFGB79294|o__OFGB79294|f__FGB79294|g__GGB9673,GGB9673,,True,Absent in MiaGB; MiaGB value padded with 0
alz_only_padded_in_miagb,k__Bacteria|p__Firmicutes|c__CFGB79294|o__OFGB79294|f__FGB79294|g__GGB9675,GGB9675,,True,Absent in MiaGB; MiaGB value padded with 0
alz_only_padded_in_miagb,k__Bacteria|p__Firmicutes|c__CFGB79294|o__OFGB79294|f__FGB79294|g__GGB9676,GGB9676,,True,Absent in MiaGB; MiaGB value padded with 0
alz_only_padded_in_miagb,k__Bacteria|p__Firmicutes|c__CFGB79294|o__OFGB79294|f__FGB79294|g__GGB9677,GGB9677,,True,Absent in MiaGB; MiaGB value padded with 0
alz_only_padded_in_miagb,k__Bacteria|p__Firmicutes|c__CFGB3054|o__OFGB3054|f__FGB3054|g__GGB9686,GGB9686,,True,Absent in MiaGB; MiaGB value padded with 0
alz_only_padded_in_miagb,k__Bacteria|p__Firmicutes|c__CFGB3054|o__OFGB3054|f__FGB3054|g__GGB9687,GGB9687,,True,Absent in MiaGB; MiaGB value padded with 0
alz_only_padded_in_miagb,k__Bacteria|p__Firmicutes|c__CFGB3054|o__OFGB3054|f__FGB3054|g__GGB9690,GGB9690,,True,Absent in MiaGB; MiaGB value padded with 0
alz_only_padded_in_miagb,k__Bacteria|p__Firmicutes|c__CFGB3054|o__OFGB3054|f__FGB3054|g__GGB9691,GGB9691,,True,Absent in MiaGB; MiaGB value padded with 0
alz_only_padded_in_miagb,k__Bacteria|p__Firmicutes|c__CFGB3054|o__OFGB3054|f__FGB3054|g__GGB9694,GGB9694,,True,Absent in MiaGB; MiaGB value padded with 0
alz_only_padded_in_miagb,k__Bacteria|p__Firmicutes|c__CFGB3054|o__OFGB3054|f__FGB3054|g__GGB9695,GGB9695,,True,Absent in MiaGB; MiaGB value padded with 0
alz_only_padded_in_miagb,k__Bacteria|p__Firmicutes|c__CFGB45555|o__OFGB45555|f__FGB45555|g__GGB9696,GGB9696,,True,Absent in MiaGB; MiaGB value padded with 0
alz_only_padded_in_miagb,k__Bacteria|p__Firmicutes|c__CFGB45555|o__OFGB45555|f__FGB45555|g__GGB9697,GGB9697,,True,Absent in MiaGB; MiaGB value padded with 0
alz_only_padded_in_miagb,k__Bacteria|p__Firmicutes|c__Clostridia|o__Eubacteriales|f__Oscillospiraceae|g__GGB9699,GGB9699,,True,Absent in MiaGB; MiaGB value padded with 0
alz_only_padded_in_miagb,k__Bacteria|p__Firmicutes|c__CFGB45555|o__OFGB45555|f__FGB45555|g__GGB9701,GGB9701,,True,Absent in MiaGB; MiaGB value padded with 0
alz_only_padded_in_miagb,k__Bacteria|p__Firmicutes|c__Clostridia|o__Eubacteriales|f__Oscillospiraceae|g__GGB9707,GGB9707,,True,Absent in MiaGB; MiaGB value padded with 0
alz_only_padded_in_miagb,k__Bacteria|p__Firmicutes|c__Clostridia|o__Eubacteriales|f__Oscillospiraceae|g__GGB9708,GGB9708,,True,Absent in MiaGB; MiaGB value padded with 0
alz_only_padded_in_miagb,k__Bacteria|p__Firmicutes|c__Clostridia|o__Eubacteriales|f__Oscillospiraceae|g__GGB9710,GGB9710,,True,Absent in MiaGB; MiaGB value padded with 0
alz_only_padded_in_miagb,k__Bacteria|p__Firmicutes|c__CFGB9714|o__OFGB9714|f__FGB9714|g__GGB9711,GGB9711,,True,Absent in MiaGB; MiaGB value padded with 0
alz_only_padded_in_miagb,k__Bacteria|p__Firmicutes|c__CFGB9989|o__OFGB9989|f__FGB9989|g__GGB9712,GGB9712,,True,Absent in MiaGB; MiaGB value padded with 0
alz_only_padded_in_miagb,k__Bacteria|p__Firmicutes|c__Clostridia|o__Eubacteriales|f__Oscillospiraceae|g__GGB9715,GGB9715,,True,Absent in MiaGB; MiaGB value padded with 0
alz_only_padded_in_miagb,k__Bacteria|p__Firmicutes|c__Clostridia|o__Eubacteriales|f__Oscillospiraceae|g__GGB9716,GGB9716,,True,Absent in MiaGB; MiaGB value padded with 0
alz_only_padded_in_miagb,k__Bacteria|p__Firmicutes|c__CFGB78697|o__OFGB78697|f__FGB78697|g__GGB9717,GGB9717,,True,Absent in MiaGB; MiaGB value padded with 0
alz_only_padded_in_miagb,k__Bacteria|p__Firmicutes|c__CFGB3057|o__OFGB3057|f__FGB3057|g__GGB9719,GGB9719,,True,Absent in MiaGB; MiaGB value padded with 0
alz_only_padded_in_miagb,k__Bacteria|p__Firmicutes|c__Clostridia|o__Eubacteriales|f__Oscillospiraceae|g__GGB9724,GGB9724,,True,Absent in MiaGB; MiaGB value padded with 0
alz_only_padded_in_miagb,k__Bacteria|p__Firmicutes|c__Clostridia|o__Eubacteriales|f__Oscillospiraceae|g__GGB9729,GGB9729,,True,Absent in MiaGB; MiaGB value padded with 0
alz_only_padded_in_miagb,k__Bacteria|p__Firmicutes|c__Clostridia|o__Eubacteriales|f__Oscillospiraceae|g__GGB9730,GGB9730,,True,Absent in MiaGB; MiaGB value padded with 0
alz_only_padded_in_miagb,k__Bacteria|p__Firmicutes|c__Clostridia|o__Eubacteriales|f__Oscillospiraceae|g__GGB9737,GGB9737,,True,Absent in MiaGB; MiaGB value padded with 0
alz_only_padded_in_miagb,k__Bacteria|p__Firmicutes|c__Clostridia|o__Eubacteriales|f__Oscillospiraceae|g__GGB9739,GGB9739,,True,Absent in MiaGB; MiaGB value padded with 0
alz_only_padded_in_miagb,k__Bacteria|p__Firmicutes|c__Clostridia|o__Eubacteriales|f__Oscillospiraceae|g__GGB9743,GGB9743,,True,Absent in MiaGB; MiaGB value padded with 0
alz_only_padded_in_miagb,k__Bacteria|p__Firmicutes|c__CFGB3062|o__OFGB3062|f__FGB3062|g__GGB9747,GGB9747,,True,Absent in MiaGB; MiaGB value padded with 0
alz_only_padded_in_miagb,k__Bacteria|p__Firmicutes|c__CFGB38642|o__OFGB38642|f__FGB38642|g__GGB9758,GGB9758,,True,Absent in MiaGB; MiaGB value padded with 0
alz_only_padded_in_miagb,k__Bacteria|p__Firmicutes|c__Clostridia|o__Eubacteriales|f__Eubacteriales_unclassified|g__GGB9759,GGB9759,,True,Absent in MiaGB; MiaGB value padded with 0
alz_only_padded_in_miagb,k__Bacteria|p__Firmicutes|c__Clostridia|o__Eubacteriales|f__Eubacteriales_unclassified|g__GGB9760,GGB9760,,True,Absent in MiaGB; MiaGB value padded with 0
alz_only_padded_in_miagb,k__Bacteria|p__Firmicutes|c__CFGB58251|o__OFGB58251|f__FGB58251|g__GGB9762,GGB9762,,True,Absent in MiaGB; MiaGB value padded with 0
alz_only_padded_in_miagb,k__Bacteria|p__Firmicutes|c__CFGB58251|o__OFGB58251|f__FGB58251|g__GGB9763,GGB9763,,True,Absent in MiaGB; MiaGB value padded with 0
alz_only_padded_in_miagb,k__Bacteria|p__Firmicutes|c__CFGB58251|o__OFGB58251|f__FGB58251|g__GGB9764,GGB9764,,True,Absent in MiaGB; MiaGB value padded with 0
alz_only_padded_in_miagb,k__Bacteria|p__Firmicutes|c__CFGB38642|o__OFGB38642|f__FGB38642|g__GGB9765,GGB9765,,True,Absent in MiaGB; MiaGB value padded with 0
alz_only_padded_in_miagb,k__Bacteria|p__Firmicutes|c__CFGB38642|o__OFGB38642|f__FGB38642|g__GGB9766,GGB9766,,True,Absent in MiaGB; MiaGB value padded with 0
alz_only_padded_in_miagb,k__Bacteria|p__Firmicutes|c__CFGB3069|o__OFGB3069|f__FGB3069|g__GGB9767,GGB9767,,True,Absent in MiaGB; MiaGB value padded with 0
alz_only_padded_in_miagb,k__Bacteria|p__Firmicutes|c__CFGB3069|o__OFGB3069|f__FGB3069|g__GGB9768,GGB9768,,True,Absent in MiaGB; MiaGB value padded with 0
alz_only_padded_in_miagb,k__Bacteria|p__Firmicutes|c__CFGB3069|o__OFGB3069|f__FGB3069|g__GGB9769,GGB9769,,True,Absent in MiaGB; MiaGB value padded with 0
alz_only_padded_in_miagb,k__Bacteria|p__Firmicutes|c__CFGB3069|o__OFGB3069|f__FGB3069|g__GGB9770,GGB9770,,True,Absent in MiaGB; MiaGB value padded with 0
alz_only_padded_in_miagb,k__Bacteria|p__Firmicutes|c__CFGB3069|o__OFGB3069|f__FGB3069|g__GGB9773,GGB9773,,True,Absent in MiaGB; MiaGB value padded with 0
alz_only_padded_in_miagb,k__Bacteria|p__Firmicutes|c__CFGB3070|o__OFGB3070|f__FGB3070|g__GGB9774,GGB9774,,True,Absent in MiaGB; MiaGB value padded with 0
alz_only_padded_in_miagb,k__Bacteria|p__Firmicutes|c__CFGB3070|o__OFGB3070|f__FGB3070|g__GGB9775,GGB9775,,True,Absent in MiaGB; MiaGB value padded with 0
alz_only_padded_in_miagb,k__Bacteria|p__Firmicutes|c__CFGB3071|o__OFGB3071|f__FGB3071|g__GGB9778,GGB9778,,True,Absent in MiaGB; MiaGB value padded with 0
alz_only_padded_in_miagb,k__Bacteria|p__Firmicutes|c__CFGB3072|o__OFGB3072|f__FGB3072|g__GGB9779,GGB9779,,True,Absent in MiaGB; MiaGB value padded with 0
alz_only_padded_in_miagb,k__Bacteria|p__Firmicutes|c__CFGB3071|o__OFGB3071|f__FGB3071|g__GGB9780,GGB9780,,True,Absent in MiaGB; MiaGB value padded with 0
alz_only_padded_in_miagb,k__Bacteria|p__Firmicutes|c__CFGB3072|o__OFGB3072|f__FGB3072|g__GGB9781,GGB9781,,True,Absent in MiaGB; MiaGB value padded with 0
alz_only_padded_in_miagb,k__Bacteria|p__Firmicutes|c__CFGB3072|o__OFGB3072|f__FGB3072|g__GGB9782,GGB9782,,True,Absent in MiaGB; MiaGB value padded with 0
alz_only_padded_in_miagb,k__Bacteria|p__Firmicutes|c__CFGB3072|o__OFGB3072|f__FGB3072|g__GGB9783,GGB9783,,True,Absent in MiaGB; MiaGB value padded with 0
alz_only_padded_in_miagb,k__Bacteria|p__Firmicutes|c__CFGB3072|o__OFGB3072|f__FGB3072|g__GGB9784,GGB9784,,True,Absent in MiaGB; MiaGB value padded with 0
alz_only_padded_in_miagb,k__Bacteria|p__Firmicutes|c__CFGB73185|o__OFGB73185|f__FGB73185|g__GGB9785,GGB9785,,True,Absent in MiaGB; MiaGB value padded with 0
alz_only_padded_in_miagb,k__Bacteria|p__Firmicutes|c__CFGB3072|o__OFGB3072|f__FGB3072|g__GGB9786,GGB9786,,True,Absent in MiaGB; MiaGB value padded with 0
alz_only_padded_in_miagb,k__Bacteria|p__Firmicutes|c__CFGB3072|o__OFGB3072|f__FGB3072|g__GGB9787,GGB9787,,True,Absent in MiaGB; MiaGB value padded with 0
alz_only_padded_in_miagb,k__Bacteria|p__Firmicutes|c__CFGB3072|o__OFGB3072|f__FGB3072|g__GGB9788,GGB9788,,True,Absent in MiaGB; MiaGB value padded with 0
alz_only_padded_in_miagb,k__Bacteria|p__Firmicutes|c__CFGB45503|o__OFGB45503|f__FGB45503|g__GGB9790,GGB9790,,True,Absent in MiaGB; MiaGB value padded with 0
alz_only_padded_in_miagb,k__Bacteria|p__Proteobacteria|c__Deltaproteobacteria|o__Desulfovibrionales|f__Desulfovibrionaceae|g__GGB9813,GGB9813,,True,Absent in MiaGB; MiaGB value padded with 0
alz_only_padded_in_miagb,k__Bacteria|p__Proteobacteria|c__Deltaproteobacteria|o__Desulfovibrionales|f__Desulfovibrionaceae|g__GGB9815,GGB9815,,True,Absent in MiaGB; MiaGB value padded with 0
alz_only_padded_in_miagb,k__Bacteria|p__Proteobacteria|c__Deltaproteobacteria|o__Desulfovibrionales|f__Desulfovibrionaceae|g__GGB9817,GGB9817,,True,Absent in MiaGB; MiaGB value padded with 0
alz_only_padded_in_miagb,k__Bacteria|p__Proteobacteria|c__Deltaproteobacteria|o__Desulfovibrionales|f__Desulfovibrionaceae|g__GGB9818,GGB9818,,True,Absent in MiaGB; MiaGB value padded with 0
alz_only_padded_in_miagb,k__Bacteria|p__Proteobacteria|c__Deltaproteobacteria|o__Desulfovibrionales|f__Desulfovibrionaceae|g__GGB9819,GGB9819,,True,Absent in MiaGB; MiaGB value padded with 0
alz_only_padded_in_miagb,k__Bacteria|p__Actinobacteria|c__Actinomycetia|o__Actinomycetales|f__Actinomycetaceae|g__GGB9832,GGB9832,,True,Absent in MiaGB; MiaGB value padded with 0
exact_match,k__Bacteria|p__Actinobacteria|c__Coriobacteriia|o__Eggerthellales|f__Eggerthellaceae|g__Gordonibacter,Gordonibacter,Gordonibacter,True,Exact genus match
exact_match,k__Bacteria|p__Firmicutes|c__Bacilli|o__Lactobacillales|f__Carnobacteriaceae|g__Granulicatella,Granulicatella,Granulicatella,True,Exact genus match
alz_only_padded_in_miagb,k__Bacteria|p__Firmicutes|c__Clostridia|o__Eubacteriales|f__Christensenellaceae|g__Guopingia,Guopingia,,True,Absent in MiaGB; MiaGB value padded with 0
exact_match,k__Bacteria|p__Proteobacteria|c__Gammaproteobacteria|o__Pasteurellales|f__Pasteurellaceae|g__Haemophilus,Haemophilus,Haemophilus,True,Exact genus match
exact_match,k__Bacteria|p__Proteobacteria|c__Gammaproteobacteria|o__Enterobacterales|f__Hafniaceae|g__Hafnia,Hafnia,Hafnia,True,Exact genus match
alz_only_padded_in_miagb,k__Bacteria|p__Bacteroidota|c__Bacteroidia|o__Bacteroidales|f__Prevotellaceae|g__Hallella,Hallella,,True,Absent in MiaGB; MiaGB value padded with 0
exact_match,k__Bacteria|p__Proteobacteria|c__Epsilonproteobacteria|o__Campylobacterales|f__Helicobacteraceae|g__Helicobacter,Helicobacter,Helicobacter,True,Exact genus match
exact_match,k__Bacteria|p__Firmicutes|c__Erysipelotrichia|o__Erysipelotrichales|f__Erysipelotrichaceae|g__Holdemanella,Holdemanella,Holdemanella,True,Exact genus match
exact_match,k__Bacteria|p__Firmicutes|c__Erysipelotrichia|o__Erysipelotrichales|f__Erysipelotrichaceae|g__Holdemania,Holdemania,Holdemania,True,Exact genus match
exact_match,k__Bacteria|p__Firmicutes|c__Clostridia|o__Eubacteriales|f__Clostridiaceae|g__Hungatella,Hungatella,Hungatella,True,Exact genus match
alz_only_padded_in_miagb,k__Bacteria|p__Firmicutes|c__Clostridia|o__Eubacteriales|f__Oscillospiraceae|g__Hydrogeniiclostridium,Hydrogeniiclostridium,,True,Absent in MiaGB; MiaGB value padded with 0
alz_only_padded_in_miagb,k__Bacteria|p__Firmicutes|c__Clostridia|o__Eubacteriales|f__Oscillospiraceae|g__Hydrogenoanaerobacterium,Hydrogenoanaerobacterium,,True,Absent in MiaGB; MiaGB value padded with 0
alz_only_padded_in_miagb,k__Bacteria|p__Firmicutes|c__Clostridia|o__Eubacteriales|f__Eubacteriaceae|g__Intestinibacillus,Intestinibacillus,,True,Absent in MiaGB; MiaGB value padded with 0
exact_match,k__Bacteria|p__Firmicutes|c__Clostridia|o__Eubacteriales|f__Peptostreptococcaceae|g__Intestinibacter,Intestinibacter,Intestinibacter,True,Exact genus match
exact_match,k__Bacteria|p__Firmicutes|c__Clostridia|o__Eubacteriales|f__Eubacteriales_unclassified|g__Intestinimonas,Intestinimonas,Intestinimonas,True,Exact genus match
alz_only_padded_in_miagb,k__Bacteria|p__Firmicutes|c__Clostridia|o__Eubacteriales|f__Lachnospiraceae|g__Jingyaoa,Jingyaoa,,True,Absent in MiaGB; MiaGB value padded with 0
alz_only_padded_in_miagb,k__Bacteria|p__Firmicutes|c__Clostridia|o__Eubacteriales|f__Lachnospiraceae|g__Jutongia,Jutongia,,True,Absent in MiaGB; MiaGB value padded with 0
alz_only_padded_in_miagb,k__Bacteria|p__Proteobacteria|c__Betaproteobacteria|o__Burkholderiales|f__Alcaligenaceae|g__Kerstersia,Kerstersia,,True,Absent in MiaGB; MiaGB value padded with 0
alz_only_padded_in_miagb,k__Bacteria|p__Firmicutes|c__Clostridia|o__Eubacteriales|f__Lachnospiraceae|g__Kineothrix,Kineothrix,,True,Absent in MiaGB; MiaGB value padded with 0
exact_match,k__Bacteria|p__Proteobacteria|c__Gammaproteobacteria|o__Enterobacterales|f__Enterobacteriaceae|g__Klebsiella,Klebsiella,Klebsiella,True,Exact genus match
exact_match,k__Bacteria|p__Firmicutes|c__Clostridia|o__Eubacteriales|f__Lachnospiraceae|g__Lachnoanaerobaculum,Lachnoanaerobaculum,Lachnoanaerobaculum,True,Exact genus match
exact_match,k__Bacteria|p__Firmicutes|c__Clostridia|o__Eubacteriales|f__Lachnospiraceae|g__Lachnoclostridium,Lachnoclostridium,Lachnoclostridium,True,Exact genus match
exact_match,k__Bacteria|p__Firmicutes|c__Clostridia|o__Eubacteriales|f__Lachnospiraceae|g__Lachnospira,Lachnospira,Lachnospira,True,Exact genus match
exact_match,k__Bacteria|p__Firmicutes|c__Clostridia|o__Eubacteriales|f__Lachnospiraceae|g__Lachnospiraceae_unclassified,Lachnospiraceae_unclassified,Lachnospiraceae_unclassified,True,Exact genus match
alz_only_padded_in_miagb,k__Bacteria|p__Firmicutes|c__Clostridia|o__Eubacteriales|f__Lachnospiraceae|g__Lachnotalea,Lachnotalea,,True,Absent in MiaGB; MiaGB value padded with 0
alz_only_padded_in_miagb,k__Bacteria|p__Firmicutes|c__Clostridia|o__Eubacteriales|f__Lachnospiraceae|g__Lacrimispora,Lacrimispora,,True,Absent in MiaGB; MiaGB value padded with 0
alz_only_padded_in_miagb,k__Bacteria|p__Firmicutes|c__Bacilli|o__Lactobacillales|f__Lactobacillaceae|g__Lacticaseibacillus,Lacticaseibacillus,,True,Absent in MiaGB; MiaGB value padded with 0
alz_only_padded_in_miagb,k__Bacteria|p__Firmicutes|c__Bacilli|o__Lactobacillales|f__Lactobacillaceae|g__Lactiplantibacillus,Lactiplantibacillus,,True,Absent in MiaGB; MiaGB value padded with 0
exact_match,k__Bacteria|p__Firmicutes|c__Bacilli|o__Lactobacillales|f__Lactobacillaceae|g__Lactobacillus,Lactobacillus,Lactobacillus,True,Exact genus match
exact_match,k__Bacteria|p__Firmicutes|c__Bacilli|o__Lactobacillales|f__Streptococcaceae|g__Lactococcus,Lactococcus,Lactococcus,True,Exact genus match
exact_match,k__Bacteria|p__Firmicutes|c__Clostridia|o__Eubacteriales|f__Clostridiaceae|g__Lactonifactor,Lactonifactor,Lactonifactor,True,Exact genus match
alz_only_padded_in_miagb,k__Bacteria|p__Actinobacteria|c__Coriobacteriia|o__Coriobacteriales|f__Atopobiaceae|g__Lancefieldella,Lancefieldella,,True,Absent in MiaGB; MiaGB value padded with 0
alz_only_padded_in_miagb,k__Bacteria|p__Firmicutes|c__Bacilli|o__Lactobacillales|f__Lactobacillaceae|g__Latilactobacillus,Latilactobacillus,,True,Absent in MiaGB; MiaGB value padded with 0
exact_match,k__Bacteria|p__Proteobacteria|c__Betaproteobacteria|o__Burkholderiales|f__Burkholderiaceae|g__Lautropia,Lautropia,Lautropia,True,Exact genus match
exact_match,k__Bacteria|p__Actinobacteria|c__Actinomycetia|o__Corynebacteriales|f__Lawsonellaceae|g__Lawsonella,Lawsonella,Lawsonella,True,Exact genus match
exact_match,k__Bacteria|p__Bacillota|c__Clostridia|o__Eubacteriales|f__Oscillospiraceae|g__Lawsonibacter,Lawsonibacter,Lawsonibacter,True,Exact genus match
alz_only_padded_in_miagb,k__Bacteria|p__Firmicutes|c__Clostridia|o__Eubacteriales|f__Eubacteriales_Family_XIII_Incertae_Sedis|g__Lentihominibacter,Lentihominibacter,,True,Absent in MiaGB; MiaGB value padded with 0
exact_match,k__Bacteria|p__Fusobacteria|c__Fusobacteriia|o__Fusobacteriales|f__Leptotrichiaceae|g__Leptotrichia,Leptotrichia,Leptotrichia,True,Exact genus match
exact_match,k__Bacteria|p__Firmicutes|c__Bacilli|o__Lactobacillales|f__Lactobacillaceae|g__Leuconostoc,Leuconostoc,Leuconostoc,True,Exact genus match
alz_only_padded_in_miagb,k__Bacteria|p__Firmicutes|c__Bacilli|o__Lactobacillales|f__Lactobacillaceae|g__Levilactobacillus,Levilactobacillus,,True,Absent in MiaGB; MiaGB value padded with 0
alz_only_padded_in_miagb,k__Bacteria|p__Firmicutes|c__Clostridia|o__Eubacteriales|f__Oscillospiraceae|g__Ligaoa,Ligaoa,,True,Absent in MiaGB; MiaGB value padded with 0
alz_only_padded_in_miagb,k__Bacteria|p__Firmicutes|c__Bacilli|o__Lactobacillales|f__Lactobacillaceae|g__Ligilactobacillus,Ligilactobacillus,,True,Absent in MiaGB; MiaGB value padded with 0
alz_only_padded_in_miagb,k__Bacteria|p__Firmicutes|c__Bacilli|o__Lactobacillales|f__Lactobacillaceae|g__Limosilactobacillus,Limosilactobacillus,,True,Absent in MiaGB; MiaGB value padded with 0
alz_only_padded_in_miagb,k__Bacteria|p__Firmicutes|c__Bacilli|o__Bacillales|f__Listeriaceae|g__Listeria,Listeria,,True,Absent in MiaGB; MiaGB value padded with 0
alz_only_padded_in_miagb,k__Bacteria|p__Firmicutes|c__Erysipelotrichia|o__Erysipelotrichales|f__Erysipelotrichaceae|g__Longibaculum,Longibaculum,,True,Absent in MiaGB; MiaGB value padded with 0
alz_only_padded_in_miagb,k__Bacteria|p__Firmicutes|c__Erysipelotrichia|o__Erysipelotrichales|f__Erysipelotrichaceae|g__Longicatena,Longicatena,,True,Absent in MiaGB; MiaGB value padded with 0
alz_only_padded_in_miagb,k__Bacteria|p__Firmicutes|c__Clostridia|o__Eubacteriales|f__Christensenellaceae|g__Luoshenia,Luoshenia,,True,Absent in MiaGB; MiaGB value padded with 0
alz_only_padded_in_miagb,k__Bacteria|p__Firmicutes|c__Clostridia|o__Eubacteriales|f__Lachnospiraceae|g__Luxibacter,Luxibacter,,True,Absent in MiaGB; MiaGB value padded with 0
alz_only_padded_in_miagb,k__Bacteria|p__Proteobacteria|c__Gammaproteobacteria|o__Oceanospirillales|f__Oceanospirillaceae|g__Marinomonas,Marinomonas,,True,Absent in MiaGB; MiaGB value padded with 0
alz_only_padded_in_miagb,k__Bacteria|p__Bacteroidota|c__Bacteroidia|o__Bacteroidales|f__Prevotellaceae|g__Marseilla,Marseilla,,True,Absent in MiaGB; MiaGB value padded with 0
exact_match,k__Bacteria|p__Firmicutes|c__Clostridia|o__Eubacteriales|f__Lachnospiraceae|g__Marvinbryantia,Marvinbryantia,Marvinbryantia,True,Exact genus match
alz_only_padded_in_miagb,k__Bacteria|p__Firmicutes|c__Erysipelotrichia|o__Erysipelotrichales|f__Erysipelotrichaceae|g__Massilicoli,Massilicoli,,True,Absent in MiaGB; MiaGB value padded with 0
alz_only_padded_in_miagb,k__Bacteria|p__Firmicutes|c__Clostridia|o__Eubacteriales|f__Oscillospiraceae|g__Massiliimalia,Massiliimalia,,True,Absent in MiaGB; MiaGB value padded with 0
alz_only_padded_in_miagb,k__Bacteria|p__Firmicutes|c__Erysipelotrichia|o__Erysipelotrichales|f__Erysipelotrichaceae|g__Massilimicrobiota,Massilimicrobiota,,True,Absent in MiaGB; MiaGB value padded with 0
alz_only_padded_in_miagb,k__Bacteria|p__Firmicutes|c__Clostridia|o__Eubacteriales|f__Clostridiaceae|g__Massilioclostridium,Massilioclostridium,,True,Absent in MiaGB; MiaGB value padded with 0
alz_only_padded_in_miagb,k__Bacteria|p__Firmicutes|c__Clostridia|o__Eubacteriales|f__Eubacteriales_unclassified|g__Massilistercora,Massilistercora,,True,Absent in MiaGB; MiaGB value padded with 0
alz_only_padded_in_miagb,k__Bacteria|p__Bacteroidota|c__Bacteroidia|o__Bacteroidales|f__Bacteroidaceae|g__Mediterranea,Mediterranea,,True,Absent in MiaGB; MiaGB value padded with 0
exact_match,k__Bacteria|p__Firmicutes|c__Clostridia|o__Eubacteriales|f__Lachnospiraceae|g__Mediterraneibacter,Mediterraneibacter,Mediterraneibacter,True,Exact genus match
exact_match,k__Bacteria|p__Firmicutes|c__Negativicutes|o__Selenomonadales|f__Selenomonadaceae|g__Megamonas,Megamonas,Megamonas,True,Exact genus match
exact_match,k__Bacteria|p__Firmicutes|c__Negativicutes|o__Veillonellales|f__Veillonellaceae|g__Megasphaera,Megasphaera,Megasphaera,True,Exact genus match
alz_only_padded_in_miagb,k__Bacteria|p__Firmicutes|c__Erysipelotrichia|o__Erysipelotrichales|f__Erysipelotrichaceae|g__Merdibacter,Merdibacter,,True,Absent in MiaGB; MiaGB value padded with 0
alz_only_padded_in_miagb,k__Bacteria|p__Firmicutes|c__Clostridia|o__Eubacteriales|f__Lachnospiraceae|g__Merdimonas,Merdimonas,,True,Absent in MiaGB; MiaGB value padded with 0
exact_match,k__Bacteria|p__Proteobacteria|c__Betaproteobacteria|o__Burkholderiales|f__Sutterellaceae|g__Mesosutterella,Mesosutterella,Mesosutterella,True,Exact genus match
alz_only_padded_in_miagb,k__Archaea|p__Euryarchaeota|c__Methanobacteria|o__Methanobacteriales|f__Methanobacteriaceae|g__Methanobrevibacter,Methanobrevibacter,,True,Absent in MiaGB; MiaGB value padded with 0
alz_only_padded_in_miagb,k__Archaea|p__Candidatus_Thermoplasmatota|c__Thermoplasmata|o__Methanomassiliicoccales|f__Methanomassiliicoccaceae|g__Methanomassiliicoccaceae_unclassified,Methanomassiliicoccaceae_unclassified,,True,Absent in MiaGB; MiaGB value padded with 0
alz_only_padded_in_miagb,k__Archaea|p__Candidatus_Thermoplasmatota|c__Thermoplasmata|o__Methanomassiliicoccales|f__Methanomassiliicoccaceae|g__Methanomassiliicoccus,Methanomassiliicoccus,,True,Absent in MiaGB; MiaGB value padded with 0
alz_only_padded_in_miagb,k__Archaea|p__Euryarchaeota|c__Methanobacteria|o__Methanobacteriales|f__Methanobacteriaceae|g__Methanosphaera,Methanosphaera,,True,Absent in MiaGB; MiaGB value padded with 0
alz_only_padded_in_miagb,k__Bacteria|p__Actinobacteria|c__Actinomycetia|o__Micrococcales|f__Micrococcaceae|g__Micrococcus,Micrococcus,,True,Absent in MiaGB; MiaGB value padded with 0
exact_match,k__Bacteria|p__Firmicutes|c__Negativicutes|o__Selenomonadales|f__Selenomonadaceae|g__Mitsuokella,Mitsuokella,Mitsuokella,True,Exact genus match
alz_only_padded_in_miagb,k__Bacteria|p__Actinobacteria|c__Actinomycetia|o__Actinomycetales|f__Actinomycetaceae|g__Mobiluncus,Mobiluncus,,True,Absent in MiaGB; MiaGB value padded with 0
exact_match,k__Bacteria|p__Firmicutes|c__Clostridia|o__Eubacteriales|f__Eubacteriales_Family_XIII_Incertae_Sedis|g__Mogibacterium,Mogibacterium,Mogibacterium,True,Exact genus match
exact_match,k__Bacteria|p__Firmicutes|c__Clostridia|o__Eubacteriales|f__Oscillospiraceae|g__Monoglobus,Monoglobus,Monoglobus,True,Exact genus match
alz_only_padded_in_miagb,k__Bacteria|p__Proteobacteria|c__Gammaproteobacteria|o__Moraxellales|f__Moraxellaceae|g__Moraxella,Moraxella,,True,Absent in MiaGB; MiaGB value padded with 0
alz_only_padded_in_miagb,k__Bacteria|p__Firmicutes|c__Clostridia|o__Eubacteriales|f__Clostridiaceae|g__Mordavella,Mordavella,,True,Absent in MiaGB; MiaGB value padded with 0
exact_match,k__Bacteria|p__Firmicutes|c__Clostridia|o__Eubacteriales|f__Lachnospiraceae|g__Murimonas,Murimonas,Murimonas,True,Exact genus match
alz_only_padded_in_miagb,k__Bacteria|p__Firmicutes|c__Firmicutes_unclassified|o__Firmicutes_unclassified|f__Firmicutes_unclassified|g__Negativibacillus,Negativibacillus,,True,Absent in MiaGB; MiaGB value padded with 0
alz_only_padded_in_miagb,k__Bacteria|p__Firmicutes|c__Clostridia|o__Eubacteriales|f__Oscillospiraceae|g__Neglectibacter,Neglectibacter,,True,Absent in MiaGB; MiaGB value padded with 0
exact_match,k__Bacteria|p__Proteobacteria|c__Betaproteobacteria|o__Neisseriales|f__Neisseriaceae|g__Neisseria,Neisseria,Neisseria,True,Exact genus match
alz_only_padded_in_miagb,k__Bacteria|p__Firmicutes|c__Clostridia|o__Eubacteriales|f__Oscillospiraceae|g__Neobittarella,Neobittarella,,True,Absent in MiaGB; MiaGB value padded with 0
exact_match,k__Bacteria|p__Bacteroidota|c__Bacteroidia|o__Bacteroidales|f__Odoribacteraceae|g__Odoribacter,Odoribacter,Odoribacter,True,Exact genus match
alz_only_padded_in_miagb,k__Bacteria|p__Firmicutes|c__Clostridia|o__Eubacteriales|f__Lachnospiraceae|g__Oliverpabstia,Oliverpabstia,,True,Absent in MiaGB; MiaGB value padded with 0
exact_match,k__Bacteria|p__Actinobacteria|c__Coriobacteriia|o__Coriobacteriales|f__Atopobiaceae|g__Olsenella,Olsenella,Olsenella,True,Exact genus match
exact_match,k__Bacteria|p__Firmicutes|c__Clostridia|o__Eubacteriales|f__Lachnospiraceae|g__Oribacterium,Oribacterium,Oribacterium,True,Exact genus match
exact_match,k__Bacteria|p__Firmicutes|c__Clostridia|o__Eubacteriales|f__Oscillospiraceae|g__Oscillibacter,Oscillibacter,Oscillibacter,True,Exact genus match
alz_only_padded_in_miagb,k__Bacteria|p__Firmicutes|c__Clostridia|o__Eubacteriales|f__Oscillospiraceae|g__Oscillospiraceae_unclassified,Oscillospiraceae_unclassified,,True,Absent in MiaGB; MiaGB value padded with 0
exact_match,k__Bacteria|p__Proteobacteria|c__Betaproteobacteria|o__Burkholderiales|f__Oxalobacteraceae|g__Oxalobacter,Oxalobacter,Oxalobacter,True,Exact genus match
exact_match,k__Bacteria|p__Firmicutes|c__Clostridia|o__Eubacteriales|f__Peptostreptococcaceae|g__Paeniclostridium,Paeniclostridium,Paeniclostridium,True,Exact genus match
exact_match,k__Bacteria|p__Bacteroidota|c__Bacteroidia|o__Bacteroidales|f__Tannerellaceae|g__Parabacteroides,Parabacteroides,Parabacteroides,True,Exact genus match
alz_only_padded_in_miagb,k__Bacteria|p__Proteobacteria|c__Betaproteobacteria|o__Burkholderiales|f__Alcaligenaceae|g__Paracandidimonas,Paracandidimonas,,True,Absent in MiaGB; MiaGB value padded with 0
exact_match,k__Bacteria|p__Firmicutes|c__Clostridia|o__Eubacteriales|f__Clostridiaceae|g__Paraclostridium,Paraclostridium,Paraclostridium,True,Exact genus match
exact_match,k__Bacteria|p__Actinobacteria|c__Coriobacteriia|o__Eggerthellales|f__Eggerthellaceae|g__Paraeggerthella,Paraeggerthella,Paraeggerthella,True,Exact genus match
alz_only_padded_in_miagb,k__Bacteria|p__Actinobacteria|c__Coriobacteriia|o__Coriobacteriales|f__Atopobiaceae|g__Parafannyhessea,Parafannyhessea,,True,Absent in MiaGB; MiaGB value padded with 0
exact_match,k__Bacteria|p__Bacteroidota|c__Bacteroidia|o__Bacteroidales|f__Prevotellaceae|g__Paraprevotella,Paraprevotella,Paraprevotella,True,Exact genus match
alz_only_padded_in_miagb,k__Bacteria|p__Actinobacteria|c__Actinomycetia|o__Bifidobacteriales|f__Bifidobacteriaceae|g__Parascardovia,Parascardovia,,True,Absent in MiaGB; MiaGB value padded with 0
exact_match,k__Bacteria|p__Proteobacteria|c__Betaproteobacteria|o__Burkholderiales|f__Sutterellaceae|g__Parasutterella,Parasutterella,Parasutterella,True,Exact genus match
alz_only_padded_in_miagb,k__Bacteria|p__Actinobacteria|c__Coriobacteriia|o__Coriobacteriales|f__Atopobiaceae|g__Paratractidigestivibacter,Paratractidigestivibacter,,True,Absent in MiaGB; MiaGB value padded with 0
alz_only_padded_in_miagb,k__Bacteria|p__Actinobacteria|c__Coriobacteriia|o__Coriobacteriales|f__Atopobiaceae|g__Parolsenella,Parolsenella,,True,Absent in MiaGB; MiaGB value padded with 0
alz_only_padded_in_miagb,k__Bacteria|p__Actinobacteria|c__Coriobacteriia|o__Coriobacteriales|f__Coriobacteriaceae|g__Parvibacter,Parvibacter,,True,Absent in MiaGB; MiaGB value padded with 0
exact_match,k__Bacteria|p__Firmicutes|c__Tissierellia|o__Tissierellales|f__Peptoniphilaceae|g__Parvimonas,Parvimonas,Parvimonas,True,Exact genus match
exact_match,k__Bacteria|p__Firmicutes|c__Bacilli|o__Lactobacillales|f__Lactobacillaceae|g__Pediococcus,Pediococcus,Pediococcus,True,Exact genus match
alz_only_padded_in_miagb,k__Bacteria|p__Firmicutes|c__Clostridia|o__Eubacteriales|f__Peptostreptococcaceae|g__Peptacetobacter,Peptacetobacter,,True,Absent in MiaGB; MiaGB value padded with 0
exact_match,k__Bacteria|p__Firmicutes|c__Tissierellia|o__Tissierellales|f__Peptoniphilaceae|g__Peptoniphilus,Peptoniphilus,Peptoniphilus,True,Exact genus match
exact_match,k__Bacteria|p__Firmicutes|c__Clostridia|o__Eubacteriales|f__Peptostreptococcaceae|g__Peptostreptococcus,Peptostreptococcus,Peptostreptococcus,True,Exact genus match
exact_match,k__Bacteria|p__Firmicutes|c__Negativicutes|o__Acidaminococcales|f__Acidaminococcaceae|g__Phascolarctobacterium,Phascolarctobacterium,Phascolarctobacterium,True,Exact genus match
alz_only_padded_in_miagb,k__Bacteria|p__Bacteroidota|c__Bacteroidia|o__Bacteroidales|f__Bacteroidaceae|g__Phocaeicola,Phocaeicola,,True,Absent in MiaGB; MiaGB value padded with 0
alz_only_padded_in_miagb,k__Bacteria|p__Firmicutes|c__Clostridia|o__Eubacteriales|f__Oscillospiraceae|g__Phocea,Phocea,,True,Absent in MiaGB; MiaGB value padded with 0
alz_only_padded_in_miagb,k__Bacteria|p__Actinobacteria|c__Coriobacteriia|o__Eggerthellales|f__Eggerthellaceae|g__Phoenicibacter,Phoenicibacter,,True,Absent in MiaGB; MiaGB value padded with 0
exact_match,k__Bacteria|p__Bacteroidota|c__Bacteroidia|o__Bacteroidales|f__Porphyromonadaceae|g__Porphyromonas,Porphyromonas,Porphyromonas,True,Exact genus match
exact_match,k__Bacteria|p__Bacteroidota|c__Bacteroidia|o__Bacteroidales|f__Prevotellaceae|g__Prevotella,Prevotella,Prevotella,True,Exact genus match
alz_only_padded_in_miagb,k__Bacteria|p__Bacteroidota|c__Bacteroidia|o__Bacteroidales|f__Prevotellaceae|g__Prevotellamassilia,Prevotellamassilia,,True,Absent in MiaGB; MiaGB value padded with 0
exact_match,k__Bacteria|p__Actinobacteria|c__Actinomycetia|o__Propionibacteriales|f__Propionibacteriaceae|g__Propionibacterium,Propionibacterium,Propionibacterium,True,Exact genus match
exact_match,k__Bacteria|p__Proteobacteria|c__Gammaproteobacteria|o__Enterobacterales|f__Morganellaceae|g__Proteus,Proteus,Proteus,True,Exact genus match
alz_only_padded_in_miagb,k__Bacteria|p__Firmicutes|c__Clostridia|o__Eubacteriales|f__Oscillospiraceae|g__Provencibacterium,Provencibacterium,,True,Absent in MiaGB; MiaGB value padded with 0
alz_only_padded_in_miagb,k__Bacteria|p__Proteobacteria|c__Gammaproteobacteria|o__Enterobacterales|f__Morganellaceae|g__Providencia,Providencia,,True,Absent in MiaGB; MiaGB value padded with 0
alz_only_padded_in_miagb,k__Bacteria|p__Proteobacteria|c__Gammaproteobacteria|o__Enterobacterales|f__Enterobacteriaceae|g__Pseudocitrobacter,Pseudocitrobacter,,True,Absent in MiaGB; MiaGB value padded with 0
exact_match,k__Bacteria|p__Firmicutes|c__Clostridia|o__Eubacteriales|f__Oscillospiraceae|g__Pseudoflavonifractor,Pseudoflavonifractor,Pseudoflavonifractor,True,Exact genus match
exact_match,k__Bacteria|p__Proteobacteria|c__Gammaproteobacteria|o__Pseudomonadales|f__Pseudomonadaceae|g__Pseudomonas,Pseudomonas,Pseudomonas,True,Exact genus match
alz_only_padded_in_miagb,k__Bacteria|p__Firmicutes|c__Clostridia|o__Eubacteriales|f__Oscillospiraceae|g__Pseudoruminococcus,Pseudoruminococcus,,True,Absent in MiaGB; MiaGB value padded with 0
alz_only_padded_in_miagb,k__Bacteria|p__Proteobacteria|c__Gammaproteobacteria|o__Moraxellales|f__Moraxellaceae|g__Psychrobacter,Psychrobacter,,True,Absent in MiaGB; MiaGB value padded with 0
alz_only_padded_in_miagb,k__Bacteria|p__Verrucomicrobia|c__Opitutae|o__Puniceicoccales|f__Puniceicoccaceae|g__Puniceicoccaceae_unclassified,Puniceicoccaceae_unclassified,,True,Absent in MiaGB; MiaGB value padded with 0
alz_only_padded_in_miagb,k__Bacteria|p__Firmicutes|c__Clostridia|o__Eubacteriales|f__Oscillospiraceae|g__Pygmaiobacter,Pygmaiobacter,,True,Absent in MiaGB; MiaGB value padded with 0
exact_match,k__Bacteria|p__Synergistetes|c__Synergistia|o__Synergistales|f__Synergistaceae|g__Pyramidobacter,Pyramidobacter,Pyramidobacter,True,Exact genus match
alz_only_padded_in_miagb,k__Bacteria|p__Firmicutes|c__Clostridia|o__Eubacteriales|f__Lachnospiraceae|g__Qiania,Qiania,,True,Absent in MiaGB; MiaGB value padded with 0
alz_only_padded_in_miagb,k__Bacteria|p__Firmicutes|c__Clostridia|o__Eubacteriales|f__Oscillospiraceae|g__Qingrenia,Qingrenia,,True,Absent in MiaGB; MiaGB value padded with 0
exact_match,k__Bacteria|p__Proteobacteria|c__Gammaproteobacteria|o__Enterobacterales|f__Enterobacteriaceae|g__Raoultella,Raoultella,Raoultella,True,Exact genus match
alz_only_padded_in_miagb,k__Bacteria|p__Actinobacteria|c__Coriobacteriia|o__Eggerthellales|f__Eggerthellaceae|g__Raoultibacter,Raoultibacter,,True,Absent in MiaGB; MiaGB value padded with 0
alz_only_padded_in_miagb,k__Bacteria|p__Bacteroidota|c__Bacteroidia|o__Bacteroidales|f__Rikenellaceae|g__Rikenella,Rikenella,,True,Absent in MiaGB; MiaGB value padded with 0
alz_only_padded_in_miagb,k__Bacteria|p__Bacteroidota|c__Bacteroidia|o__Bacteroidales|f__Rikenellaceae|g__Rikenellaceae_unclassified,Rikenellaceae_unclassified,,True,Absent in MiaGB; MiaGB value padded with 0
exact_match,k__Bacteria|p__Firmicutes|c__Clostridia|o__Eubacteriales|f__Peptostreptococcaceae|g__Romboutsia,Romboutsia,Romboutsia,True,Exact genus match
exact_match,k__Bacteria|p__Firmicutes|c__Clostridia|o__Eubacteriales|f__Lachnospiraceae|g__Roseburia,Roseburia,Roseburia,True,Exact genus match
exact_match,k__Bacteria|p__Actinobacteria|c__Actinomycetia|o__Micrococcales|f__Micrococcaceae|g__Rothia,Rothia,Rothia,True,Exact genus match
exact_match,k__Bacteria|p__Actinobacteria|c__Coriobacteriia|o__Eggerthellales|f__Eggerthellaceae|g__Rubneribacter,Rubneribacter,Rubneribacter,True,Exact genus match
exact_match,k__Bacteria|p__Firmicutes|c__Clostridia|o__Eubacteriales|f__Oscillospiraceae|g__Ruminococcus,Ruminococcus,Ruminococcus,True,Exact genus match
exact_match,k__Bacteria|p__Firmicutes|c__Clostridia|o__Eubacteriales|f__Oscillospiraceae|g__Ruthenibacterium,Ruthenibacterium,Ruthenibacterium,True,Exact genus match
alz_only_padded_in_miagb,k__Eukaryota|p__Ascomycota|c__Saccharomycetes|o__Saccharomycetales|f__Saccharomycetaceae|g__Saccharomyces,Saccharomyces,,True,Absent in MiaGB; MiaGB value padded with 0
alz_only_padded_in_miagb,k__Bacteria|p__Proteobacteria|c__Betaproteobacteria|o__Burkholderiales|f__Burkholderiales_unclassified|g__Saezia,Saezia,,True,Absent in MiaGB; MiaGB value padded with 0
alz_only_padded_in_miagb,k__Bacteria|p__Proteobacteria|c__Gammaproteobacteria|o__Enterobacterales|f__Enterobacteriaceae|g__Salmonella,Salmonella,,True,Absent in MiaGB; MiaGB value padded with 0
exact_match,k__Bacteria|p__Bacteroidota|c__Bacteroidia|o__Bacteroidales|f__Porphyromonadaceae|g__Sanguibacteroides,Sanguibacteroides,Sanguibacteroides,True,Exact genus match
alz_only_padded_in_miagb,k__Bacteria|p__Firmicutes|c__Clostridia|o__Eubacteriales|f__Clostridiaceae|g__Sarcina,Sarcina,,True,Absent in MiaGB; MiaGB value padded with 0
exact_match,k__Bacteria|p__Actinobacteria|c__Actinomycetia|o__Bifidobacteriales|f__Bifidobacteriaceae|g__Scardovia,Scardovia,Scardovia,True,Exact genus match
alz_only_padded_in_miagb,k__Bacteria|p__Actinobacteria|c__Actinomycetia|o__Actinomycetales|f__Actinomycetaceae|g__Schaalia,Schaalia,,True,Absent in MiaGB; MiaGB value padded with 0
alz_only_padded_in_miagb,k__Bacteria|p__Firmicutes|c__Bacilli|o__Lactobacillales|f__Lactobacillaceae|g__Secundilactobacillus,Secundilactobacillus,,True,Absent in MiaGB; MiaGB value padded with 0
alz_only_padded_in_miagb,k__Bacteria|p__Bacteroidota|c__Bacteroidia|o__Bacteroidales|f__Prevotellaceae|g__Segatella,Segatella,,True,Absent in MiaGB; MiaGB value padded with 0
exact_match,k__Bacteria|p__Firmicutes|c__Negativicutes|o__Selenomonadales|f__Selenomonadaceae|g__Selenomonas,Selenomonas,Selenomonas,True,Exact genus match
exact_match,k__Bacteria|p__Firmicutes|c__Clostridia|o__Eubacteriales|f__Lachnospiraceae|g__Sellimonas,Sellimonas,Sellimonas,True,Exact genus match
exact_match,k__Bacteria|p__Actinobacteria|c__Coriobacteriia|o__Coriobacteriales|f__Coriobacteriaceae|g__Senegalimassilia,Senegalimassilia,Senegalimassilia,True,Exact genus match
alz_only_padded_in_miagb,k__Bacteria|p__Firmicutes|c__Clostridia|o__Eubacteriales|f__Lachnospiraceae|g__Shuttleworthia,Shuttleworthia,,True,Absent in MiaGB; MiaGB value padded with 0
alz_only_padded_in_miagb,k__Bacteria|p__Firmicutes|c__Clostridia|o__Eubacteriales|f__Lachnospiraceae|g__Simiaoa,Simiaoa,,True,Absent in MiaGB; MiaGB value padded with 0
exact_match,k__Bacteria|p__Actinobacteria|c__Coriobacteriia|o__Eggerthellales|f__Eggerthellaceae|g__Slackia,Slackia,Slackia,True,Exact genus match
alz_only_padded_in_miagb,k__Bacteria|p__Fusobacteria|c__Fusobacteriia|o__Fusobacteriales|f__Leptotrichiaceae|g__Sneathia,Sneathia,,True,Absent in MiaGB; MiaGB value padded with 0
exact_match,k__Bacteria|p__Firmicutes|c__Erysipelotrichia|o__Erysipelotrichales|f__Erysipelotrichaceae|g__Solobacterium,Solobacterium,Solobacterium,True,Exact genus match
exact_match,k__Bacteria|p__Firmicutes|c__Bacilli|o__Bacillales|f__Staphylococcaceae|g__Staphylococcus,Staphylococcus,Staphylococcus,True,Exact genus match
exact_match,k__Bacteria|p__Firmicutes|c__Bacilli|o__Lactobacillales|f__Streptococcaceae|g__Streptococcus,Streptococcus,Streptococcus,True,Exact genus match
exact_match,k__Bacteria|p__Proteobacteria|c__Gammaproteobacteria|o__Aeromonadales|f__Succinivibrionaceae|g__Succinatimonas,Succinatimonas,Succinatimonas,True,Exact genus match
exact_match,k__Bacteria|p__Proteobacteria|c__Betaproteobacteria|o__Burkholderiales|f__Sutterellaceae|g__Sutterella,Sutterella,Sutterella,True,Exact genus match
alz_only_padded_in_miagb,k__Bacteria|p__Firmicutes|c__Clostridia|o__Eubacteriales|f__Peptostreptococcaceae|g__Terrisporobacter,Terrisporobacter,,True,Absent in MiaGB; MiaGB value padded with 0
alz_only_padded_in_miagb,k__Bacteria|p__Actinobacteria|c__Coriobacteriia|o__Coriobacteriales|f__Atopobiaceae|g__Thermophilibacter,Thermophilibacter,,True,Absent in MiaGB; MiaGB value padded with 0
alz_only_padded_in_miagb,k__Bacteria|p__Actinobacteria|c__Coriobacteriia|o__Coriobacteriales|f__Atopobiaceae|g__Tractidigestivibacter,Tractidigestivibacter,,True,Absent in MiaGB; MiaGB value padded with 0
alz_only_padded_in_miagb,k__Bacteria|p__Firmicutes|c__Erysipelotrichia|o__Erysipelotrichales|f__Erysipelotrichaceae|g__Traorella,Traorella,,True,Absent in MiaGB; MiaGB value padded with 0
alz_only_padded_in_miagb,k__Bacteria|p__Actinobacteria|c__Actinomycetia|o__Micrococcales|f__Tropherymataceae|g__Tropheryma,Tropheryma,,True,Absent in MiaGB; MiaGB value padded with 0
exact_match,k__Bacteria|p__Firmicutes|c__Erysipelotrichia|o__Erysipelotrichales|f__Turicibacteraceae|g__Turicibacter,Turicibacter,Turicibacter,True,Exact genus match
exact_match,k__Bacteria|p__Proteobacteria|c__Betaproteobacteria|o__Burkholderiales|f__Sutterellaceae|g__Turicimonas,Turicimonas,Turicimonas,True,Exact genus match
exact_match,k__Bacteria|p__Firmicutes|c__Clostridia|o__Eubacteriales|f__Lachnospiraceae|g__Tyzzerella,Tyzzerella,Tyzzerella,True,Exact genus match
alz_only_padded_in_miagb,k__Bacteria|p__Firmicutes|c__Bacilli|o__Lactobacillales|f__Enterococcaceae|g__Vagococcus,Vagococcus,,True,Absent in MiaGB; MiaGB value padded with 0
exact_match,k__Bacteria|p__Actinobacteria|c__Actinomycetia|o__Actinomycetales|f__Actinomycetaceae|g__Varibaculum,Varibaculum,Varibaculum,True,Exact genus match
exact_match,k__Bacteria|p__Firmicutes|c__Negativicutes|o__Veillonellales|f__Veillonellaceae|g__Veillonella,Veillonella,Veillonella,True,Exact genus match
alz_only_padded_in_miagb,k__Bacteria|p__Firmicutes|c__Negativicutes|o__Veillonellales|f__Veillonellaceae|g__Veillonellaceae_unclassified,Veillonellaceae_unclassified,,True,Absent in MiaGB; MiaGB value padded with 0
alz_only_padded_in_miagb,k__Bacteria|p__Firmicutes|c__Clostridia|o__Eubacteriales|f__Lachnospiraceae|g__Velocimicrobium,Velocimicrobium,,True,Absent in MiaGB; MiaGB value padded with 0
alz_only_padded_in_miagb,k__Bacteria|p__Firmicutes|c__Clostridia|o__Eubacteriales|f__Oscillospiraceae|g__Vescimonas,Vescimonas,,True,Absent in MiaGB; MiaGB value padded with 0
alz_only_padded_in_miagb,k__Bacteria|p__Proteobacteria|c__Gammaproteobacteria|o__Vibrionales|f__Vibrionaceae|g__Vibrio,Vibrio,,True,Absent in MiaGB; MiaGB value padded with 0
exact_match,k__Bacteria|p__Lentisphaerae|c__Lentisphaeria|o__Victivallales|f__Victivallaceae|g__Victivallis,Victivallis,Victivallis,True,Exact genus match
alz_only_padded_in_miagb,k__Bacteria|p__Firmicutes|c__Clostridia|o__Eubacteriales|f__Lachnospiraceae|g__Wansuia,Wansuia,,True,Absent in MiaGB; MiaGB value padded with 0
exact_match,k__Bacteria|p__Firmicutes|c__Bacilli|o__Lactobacillales|f__Lactobacillaceae|g__Weissella,Weissella,Weissella,True,Exact genus match
alz_only_padded_in_miagb,k__Bacteria|p__Firmicutes|c__Clostridia|o__Eubacteriales|f__Lachnospiraceae|g__Wujia,Wujia,,True,Absent in MiaGB; MiaGB value padded with 0
alz_only_padded_in_miagb,k__Bacteria|p__Firmicutes|c__Clostridia|o__Eubacteriales|f__Oscillospiraceae|g__Yanshouia,Yanshouia,,True,Absent in MiaGB; MiaGB value padded with 0
alz_only_padded_in_miagb,k__Bacteria|p__Firmicutes|c__Clostridia|o__Eubacteriales|f__Yeguiaceae|g__Yeguia,Yeguia,,True,Absent in MiaGB; MiaGB value padded with 0
alz_only_padded_in_miagb,k__Bacteria|p__Firmicutes|c__Clostridia|o__Eubacteriales|f__Oscillospiraceae|g__Youxingia,Youxingia,,True,Absent in MiaGB; MiaGB value padded with 0
alz_only_padded_in_miagb,k__Bacteria|p__Firmicutes|c__Clostridia|o__Eubacteriales|f__Lachnospiraceae|g__Zhenhengia,Zhenhengia,,True,Absent in MiaGB; MiaGB value padded with 0
alz_only_padded_in_miagb,k__Bacteria|p__Firmicutes|c__Clostridia|o__Eubacteriales|f__Eubacteriales_Family_XIII_Incertae_Sedis|g__Zhenpiania,Zhenpiania,,True,Absent in MiaGB; MiaGB value padded with 0
mia_only_padded_in_alz,,Absiella,Absiella,True,Absent in AlzBiom; AlzBiom value padded with 0
mia_only_padded_in_alz,,Acetobacter,Acetobacter,True,Absent in AlzBiom; AlzBiom value padded with 0
mia_only_padded_in_alz,,Asaccharobacter,Asaccharobacter,True,Absent in AlzBiom; AlzBiom value padded with 0
mia_only_padded_in_alz,,Atopobium,Atopobium,True,Absent in AlzBiom; AlzBiom value padded with 0
mia_only_padded_in_alz,,Azospirillum,Azospirillum,True,Absent in AlzBiom; AlzBiom value padded with 0
mia_only_padded_in_alz,,Bacillus,Bacillus,True,Absent in AlzBiom; AlzBiom value padded with 0
mia_only_padded_in_alz,,Candidatus_Melainabacteria_unclassified,Candidatus_Melainabacteria_unclassified,True,Absent in AlzBiom; AlzBiom value padded with 0
mia_only_padded_in_alz,,Cardiobacterium,Cardiobacterium,True,Absent in AlzBiom; AlzBiom value padded with 0
mia_only_padded_in_alz,,Catabacter,Catabacter,True,Absent in AlzBiom; AlzBiom value padded with 0
mia_only_padded_in_alz,,Clavibacter,Clavibacter,True,Absent in AlzBiom; AlzBiom value padded with 0
mia_only_padded_in_alz,,Clostridiales_Family_XIII_Incertae_Sedis_unclassified,Clostridiales_Family_XIII_Incertae_Sedis_unclassified,True,Absent in AlzBiom; AlzBiom value padded with 0
mia_only_padded_in_alz,,Clostridiales_unclassified,Clostridiales_unclassified,True,Absent in AlzBiom; AlzBiom value padded with 0
mia_only_padded_in_alz,,Coraliomargarita,Coraliomargarita,True,Absent in AlzBiom; AlzBiom value padded with 0
mia_only_padded_in_alz,,Corallococcus,Corallococcus,True,Absent in AlzBiom; AlzBiom value padded with 0
mia_only_padded_in_alz,,Cryptobacterium,Cryptobacterium,True,Absent in AlzBiom; AlzBiom value padded with 0
mia_only_padded_in_alz,,Desulfovibrionaceae_unclassified,Desulfovibrionaceae_unclassified,True,Absent in AlzBiom; AlzBiom value padded with 0
mia_only_padded_in_alz,,Eikenella,Eikenella,True,Absent in AlzBiom; AlzBiom value padded with 0
mia_only_padded_in_alz,,Enterorhabdus,Enterorhabdus,True,Absent in AlzBiom; AlzBiom value padded with 0
mia_only_padded_in_alz,,Harryflintia,Harryflintia,True,Absent in AlzBiom; AlzBiom value padded with 0
mia_only_padded_in_alz,,Kingella,Kingella,True,Absent in AlzBiom; AlzBiom value padded with 0
mia_only_padded_in_alz,,Kocuria,Kocuria,True,Absent in AlzBiom; AlzBiom value padded with 0
mia_only_padded_in_alz,,Lentisphaerae_unclassified,Lentisphaerae_unclassified,True,Absent in AlzBiom; AlzBiom value padded with 0
mia_only_padded_in_alz,,Massiliomicrobiota,Massiliomicrobiota,True,Absent in AlzBiom; AlzBiom value padded with 0
mia_only_padded_in_alz,,Mycoplasma,Mycoplasma,True,Absent in AlzBiom; AlzBiom value padded with 0
mia_only_padded_in_alz,,Peptostreptococcaceae_unclassified,Peptostreptococcaceae_unclassified,True,Absent in AlzBiom; AlzBiom value padded with 0
mia_only_padded_in_alz,,Proteobacteria_unclassified,Proteobacteria_unclassified,True,Absent in AlzBiom; AlzBiom value padded with 0
mia_only_padded_in_alz,,Pseudopropionibacterium,Pseudopropionibacterium,True,Absent in AlzBiom; AlzBiom value padded with 0
mia_only_padded_in_alz,,Pseudoramibacter,Pseudoramibacter,True,Absent in AlzBiom; AlzBiom value padded with 0
mia_only_padded_in_alz,,Ruminococcaceae_unclassified,Ruminococcaceae_unclassified,True,Absent in AlzBiom; AlzBiom value padded with 0
mia_only_padded_in_alz,,Rummeliibacillus,Rummeliibacillus,True,Absent in AlzBiom; AlzBiom value padded with 0
mia_only_padded_in_alz,,Stomatobaculum,Stomatobaculum,True,Absent in AlzBiom; AlzBiom value padded with 0
mia_only_padded_in_alz,,Subdoligranulum,Subdoligranulum,True,Absent in AlzBiom; AlzBiom value padded with 0
mia_only_padded_in_alz,,Tannerella,Tannerella,True,Absent in AlzBiom; AlzBiom value padded with 0
mia_only_padded_in_alz,,Victivallales_unclassified,Victivallales_unclassified,True,Absent in AlzBiom; AlzBiom value padded with 0
near_match_audit_only,,Massilimicrobiota,Massiliomicrobiota,False,Similarity 0.971; not mapped because exact matching only
near_match_audit_only,,Clostridia_unclassified,Clostridiales_unclassified,False,Similarity 0.939; not mapped because exact matching only
near_match_audit_only,,Acinetobacter,Acetobacter,False,Similarity 0.917; not mapped because exact matching only
near_match_audit_only,,Clostridiaceae_unclassified,Clostridiales_unclassified,False,Similarity 0.906; not mapped because exact matching only
near_match_audit_only,,Rikenella,Eikenella,False,Similarity 0.889; not mapped because exact matching only
near_match_audit_only,,Eubacteriales_Family_XIII_Incertae_Sedis_unclassified,Clostridiales_Family_XIII_Incertae_Sedis_unclassified,False,Similarity 0.887; not mapped because exact matching only
near_match_audit_only,,Puniceicoccaceae_unclassified,Ruminococcaceae_unclassified,False,Similarity 0.842; not mapped because exact matching only
near_match_audit_only,,Bacteria_unclassified,Proteobacteria_unclassified,False,Similarity 0.833; not mapped because exact matching only
near_match_audit_only,,Parvibacter,Clavibacter,False,Similarity 0.818; not mapped because exact matching only
near_match_audit_only,,Eubacteriales_unclassified,Proteobacteria_unclassified,False,Similarity 0.792; not mapped because exact matching only
near_match_audit_only,,Pseudocitrobacter,Pseudoramibacter,False,Similarity 0.788; not mapped because exact matching only
near_match_audit_only,,Psychrobacter,Asaccharobacter,False,Similarity 0.786; not mapped because exact matching only
near_match_audit_only,,Cuneatibacter,Catabacter,False,Similarity 0.783; not mapped because exact matching only
near_match_audit_only,,Ellagibacter,Clavibacter,False,Similarity 0.783; not mapped because exact matching only
near_match_audit_only,,Bacteroidales_unclassified,Clostridiales_unclassified,False,Similarity 0.769; not mapped because exact matching only
